"PID","JAR","FORMAT","RECOVERY","START","END","DURATION","ORDER"
"P01","jar1","BOOKLET","Error Recovery",00:03:12.2,00:03:16.9,4.70000004768372,"BOOK_FIRST"
"P01","jar1","BOOKLET","Error Recovery",00:04:28.0,00:04:36.2,8.20000004768372,"BOOK_FIRST"
"P01","jar1","BOOKLET","Error Recovery",00:04:51.2,00:05:12.7,21.5,"BOOK_FIRST"
"P01","jar1","BOOKLET","Error Recovery",00:05:12.7,00:05:19.2,6.5,"BOOK_FIRST"
"P01","jar1","BOOKLET","Error Recovery",00:05:34.8,00:05:36.8,2,"BOOK_FIRST"
"P01","jar1","BOOKLET","Error Recovery",00:05:37.1,00:05:51.5,14.4000000953674,"BOOK_FIRST"
"P01","jar1","BOOKLET","Error Recovery",00:10:40.2,00:10:47.1,6.89999985694885,"BOOK_FIRST"
"P01","jar1","BOOKLET","Error Recovery",00:13:02.5,00:13:15.1,12.5999999046326,"BOOK_FIRST"
"P01","jar2","APP","Error Recovery",00:01:58.5,00:02:10.0,11.5,"BOOK_FIRST"
"P01","jar2","APP","Error Recovery",00:16:39.2,00:18:54.2,135,"BOOK_FIRST"
"P01","jar2","APP","Error Recovery",00:18:56.7,00:18:59.6,2.89999985694885,"BOOK_FIRST"
"P01","jar2","APP","Error Recovery",00:18:59.6,00:19:05.1,5.5,"BOOK_FIRST"
"P01","jar2","APP","Error Recovery",00:19:05.1,00:19:13.2,8.10000014305115,"BOOK_FIRST"
"P01","jar2","APP","Error Recovery",00:19:13.5,00:19:19.7,6.20000004768372,"BOOK_FIRST"
"P01","jar2","APP","Error Recovery",00:21:42.5,00:21:49.8,7.29999995231628,"BOOK_FIRST"
"P02","jar1","BOOKLET","Error Recovery",00:04:40.8,00:04:56.8,16,"BOOK_FIRST"
"P02","jar1","BOOKLET","Error Recovery",00:06:23.0,00:06:41.9,18.9000000953674,"BOOK_FIRST"
"P02","jar1","BOOKLET","Error Recovery",00:06:53.0,00:07:47.8,54.7999999523163,"BOOK_FIRST"
"P02","jar2","APP","Error Recovery",00:15:37.6,00:15:46.8,9.20000004768372,"BOOK_FIRST"
"P03","jar2","BOOKLET","Error Recovery",00:05:19.2,00:05:22.8,3.59999990463257,"APP_FIRST"
"P03","jar2","BOOKLET","Error Recovery",00:05:22.8,00:05:34.0,11.2000000476837,"APP_FIRST"
"P03","jar2","BOOKLET","Error Recovery",00:05:34.0,00:05:37.7,3.70000004768372,"APP_FIRST"
"P03","jar2","BOOKLET","Unresolved Upon Completion",00:10:24.7,00:11:01.6,36.8999998569489,"APP_FIRST"
"P03","jar2","BOOKLET","Unresolved Upon Completion",00:11:01.6,00:11:07.0,5.40000009536743,"APP_FIRST"
"P03","jar2","BOOKLET","Unresolved Upon Completion",00:13:39.5,00:14:26.4,46.9000000953674,"APP_FIRST"
"P03","jar2","BOOKLET","Unresolved Upon Completion",00:14:26.5,00:14:31.7,5.20000004768372,"APP_FIRST"
"P03","jar2","BOOKLET","Error Recovery",00:17:54.9,00:18:10.8,15.8999998569489,"APP_FIRST"
"P04","jar1","APP","Error Recovery",00:06:32.1,00:07:03.9,31.8000001907349,"APP_FIRST"
"P04","jar1","APP","Error Recovery",00:07:03.9,00:07:13.3,9.39999985694885,"APP_FIRST"
"P04","jar1","APP","Error Recovery",00:14:43.9,00:14:56.9,13,"APP_FIRST"
"P04","jar2","BOOKLET","Error Recovery",00:12:30.9,00:12:48.4,17.5,"APP_FIRST"
"P04","jar2","BOOKLET","Error Recovery",00:13:33.7,00:13:46.3,12.5999999046326,"APP_FIRST"
"P04","jar2","BOOKLET","Error Recovery",00:14:52.4,00:22:11.9,439.5,"APP_FIRST"
"P04","jar2","BOOKLET","Unresolved Upon Completion",00:27:55.3,00:28:01.3,6,"APP_FIRST"
"P04","jar2","BOOKLET","Unresolved Upon Completion",00:28:01.3,00:28:07.0,5.70000004768372,"APP_FIRST"
"P05","jar1","BOOKLET","Error Recovery",00:02:19.4,00:02:22.5,3.09999990463257,"BOOK_FIRST"
"P05","jar1","BOOKLET","Error Recovery",00:02:22.7,00:02:25.7,3,"BOOK_FIRST"
"P05","jar1","BOOKLET","Error Recovery",00:07:28.7,00:09:11.8,103.099999904633,"BOOK_FIRST"
"P05","jar1","BOOKLET","Error Recovery",00:14:25.7,00:14:29.2,3.5,"BOOK_FIRST"
"P05","jar1","BOOKLET","Error Recovery",00:14:57.4,00:15:10.7,13.2999999523163,"BOOK_FIRST"
"P05","jar1","BOOKLET","Error Recovery",00:15:10.9,00:15:17.1,6.19999980926514,"BOOK_FIRST"
"P05","jar2","APP","Error Recovery",00:03:44.0,00:03:53.1,9.09999990463257,"BOOK_FIRST"
"P05","jar2","APP","Error Recovery",00:07:36.0,00:07:54.2,18.2000000476837,"BOOK_FIRST"
"P06","jar1","APP","Error Recovery",00:03:18.4,00:04:11.2,52.7999999523163,"APP_FIRST"
"P06","jar1","APP","Error Recovery",00:05:04.4,00:05:21.2,16.7999999523163,"APP_FIRST"
"P06","jar1","APP","Error Recovery",00:05:21.2,00:05:27.6,6.39999985694885,"APP_FIRST"
"P06","jar1","APP","Unresolved Upon Completion",00:07:28.8,00:08:01.4,32.6000001430511,"APP_FIRST"
"P06","jar1","APP","Error Recovery",00:09:05.8,00:09:10.8,5,"APP_FIRST"
"P06","jar2","BOOKLET","Unresolved Upon Completion",00:12:14.4,00:12:28.4,14,"APP_FIRST"
"P06","jar2","BOOKLET","Unresolved Upon Completion",00:13:16.5,00:13:23.0,6.5,"APP_FIRST"
"P06","jar2","BOOKLET","Unresolved Upon Completion",00:13:23.0,00:13:26.8,3.79999995231628,"APP_FIRST"
"P06","jar2","BOOKLET","Error Recovery",00:13:52.0,00:13:59.4,7.40000009536743,"APP_FIRST"
"P07","jar1","BOOKLET","Error Recovery",00:01:27.0,00:01:37.1,10.0999999046326,"BOOK_FIRST"
"P07","jar1","BOOKLET","Unresolved Upon Completion",00:10:51.2,00:10:56.4,5.20000004768372,"BOOK_FIRST"
"P07","jar2","APP","Error Recovery",00:09:51.1,00:10:15.6,24.5,"BOOK_FIRST"
"P08","jar2","BOOKLET","Unresolved Upon Completion",00:16:44.1,00:16:51.2,7.10000014305115,"APP_FIRST"
"P08","jar2","BOOKLET","Unresolved Upon Completion",00:16:51.2,00:17:02.2,11,"APP_FIRST"
"P09","jar1","BOOKLET","Error Recovery",00:05:41.7,00:05:54.4,12.7000000476837,"BOOK_FIRST"
"P09","jar1","BOOKLET","Error Recovery",00:07:43.2,00:08:22.0,38.7999999523163,"BOOK_FIRST"
"P09","jar1","BOOKLET","Error Recovery",00:17:34.7,00:17:41.5,6.79999995231628,"BOOK_FIRST"
"P09","jar1","BOOKLET","Error Recovery",00:19:15.6,00:19:30.8,15.2000000476837,"BOOK_FIRST"
"P10","jar1","BOOKLET","Error Recovery",00:07:19.9,00:08:00.6,40.6999998092651,"BOOK_FIRST"
"P10","jar1","BOOKLET","Error Recovery",00:10:28.1,00:10:39.2,11.1000001430511,"BOOK_FIRST"
"P10","jar1","BOOKLET","Error Recovery",00:10:39.4,00:10:49.0,9.59999990463257,"BOOK_FIRST"
"P10","jar2","APP","Error Recovery",00:04:01.8,00:04:05.5,3.70000004768372,"BOOK_FIRST"
"P10","jar2","APP","Error Recovery",00:04:05.5,00:04:07.2,1.70000004768372,"BOOK_FIRST"
"P10","jar2","APP","Error Recovery",00:04:07.4,00:04:12.2,4.79999995231628,"BOOK_FIRST"
"P10","jar2","APP","Error Recovery",00:14:41.7,00:14:48.3,6.59999990463257,"BOOK_FIRST"
"P10","jar2","APP","Error Recovery",00:15:30.5,00:18:25.0,174.5,"BOOK_FIRST"
"P10","jar2","APP","Error Recovery",00:18:29.2,00:18:32.5,3.29999995231628,"BOOK_FIRST"
"P10","jar2","APP","Error Recovery",00:18:32.5,00:18:33.9,1.40000009536743,"BOOK_FIRST"
"P10","jar2","APP","Error Recovery",00:18:33.9,00:18:36.3,2.39999985694885,"BOOK_FIRST"
"P10","jar2","APP","Error Recovery",00:18:36.3,00:18:38.6,2.29999995231628,"BOOK_FIRST"
"P10","jar2","APP","Error Recovery",00:18:47.3,00:18:50.3,3,"BOOK_FIRST"
"P10","jar2","APP","Error Recovery",00:18:50.5,00:18:54.5,4,"BOOK_FIRST"
"P10","jar2","APP","Error Recovery",00:18:59.2,00:19:10.0,10.7999999523163,"BOOK_FIRST"
"P10","jar2","APP","Error Recovery",00:19:10.1,00:19:13.0,2.90000009536743,"BOOK_FIRST"
"P10","jar2","APP","Unresolved Upon Completion",00:20:29.2,00:20:32.8,3.59999990463257,"BOOK_FIRST"
"P10","jar2","APP","Unresolved Upon Completion",00:20:32.8,00:20:37.8,5,"BOOK_FIRST"
"P10","jar2","APP","Unresolved Upon Completion",00:21:06.1,00:21:08.9,2.80000019073486,"BOOK_FIRST"
"P10","jar2","APP","Unresolved Upon Completion",00:21:22.3,00:21:32.1,9.79999995231628,"BOOK_FIRST"
"P10","jar2","APP","Unresolved Upon Completion",00:21:32.5,00:21:48.1,15.5999999046326,"BOOK_FIRST"
"P10","jar2","APP","Unresolved Upon Completion",00:21:53.2,00:21:59.0,5.79999995231628,"BOOK_FIRST"
"P10","jar2","APP","Error Recovery",00:22:08.0,00:22:13.8,5.79999995231628,"BOOK_FIRST"
"P10","jar2","APP","Unresolved Upon Completion",00:22:08.0,00:22:13.8,5.79999995231628,"BOOK_FIRST"
"P10","jar2","APP","Unresolved Upon Completion",00:22:20.8,00:22:25.5,4.70000004768372,"BOOK_FIRST"
"P10","jar2","APP","Unresolved Upon Completion",00:22:40.5,00:22:45.5,5,"BOOK_FIRST"
"P10","jar2","APP","Unresolved Upon Completion",00:22:46.5,00:22:52.0,5.5,"BOOK_FIRST"
"P10","jar2","APP","Error Recovery",00:23:55.7,00:24:00.6,4.89999985694885,"BOOK_FIRST"
"P10","jar2","APP","Error Recovery",00:24:53.3,00:24:54.6,1.29999995231628,"BOOK_FIRST"
"P12","jar1","BOOKLET","Unresolved Upon Completion",00:08:33.4,00:08:37.0,3.59999990463257,"BOOK_FIRST"
"P12","jar1","BOOKLET","Unresolved Upon Completion",00:14:25.3,00:14:25.4,0.100000143051147,"BOOK_FIRST"
"P12","jar1","BOOKLET","Unresolved Upon Completion",00:14:25.5,00:14:25.6,0.0999999046325684,"BOOK_FIRST"
"P12","jar2","APP","Error Recovery",00:08:24.0,00:08:30.7,6.70000004768372,"BOOK_FIRST"
"P12","jar2","APP","Error Recovery",00:16:03.2,00:16:13.6,10.3999998569489,"BOOK_FIRST"
"P13","jar1","APP","Unresolved Upon Completion",00:03:29.5,00:03:31.4,1.90000009536743,"APP_FIRST"
"P13","jar1","APP","Unresolved Upon Completion",00:03:32.0,00:03:35.6,3.59999990463257,"APP_FIRST"
"P13","jar1","APP","Unresolved Upon Completion",00:03:36.1,00:03:39.4,3.30000019073486,"APP_FIRST"
"P13","jar1","APP","Unresolved Upon Completion",00:08:37.2,00:08:42.2,5,"APP_FIRST"
"P13","jar1","APP","Unresolved Upon Completion",00:09:49.1,00:09:57.3,8.20000004768372,"APP_FIRST"
"P13","jar2","BOOKLET","Error Recovery",00:02:59.1,00:03:13.8,14.7000000476837,"APP_FIRST"
"P13","jar2","BOOKLET","Unresolved Upon Completion",00:06:08.0,00:06:14.4,6.40000009536743,"APP_FIRST"
"P13","jar2","BOOKLET","Unresolved Upon Completion",00:07:33.1,00:07:42.6,9.5,"APP_FIRST"
"P13","jar2","BOOKLET","Unresolved Upon Completion",00:07:42.6,00:07:48.0,5.40000009536743,"APP_FIRST"
"P13","jar2","BOOKLET","Unresolved Upon Completion",00:07:50.1,00:08:15.3,25.2000000476837,"APP_FIRST"
"P13","jar2","BOOKLET","Unresolved Upon Completion",00:08:15.3,00:08:22.1,6.79999995231628,"APP_FIRST"
"P13","jar2","BOOKLET","Unresolved Upon Completion",00:12:41.3,00:12:53.6,12.2999999523163,"APP_FIRST"
"P13","jar2","BOOKLET","Unresolved Upon Completion",00:13:25.8,00:13:34.0,8.20000004768372,"APP_FIRST"
"P13","jar2","BOOKLET","Unresolved Upon Completion",00:13:46.0,00:13:49.6,3.59999990463257,"APP_FIRST"
"P13","jar2","BOOKLET","Unresolved Upon Completion",00:14:52.8,00:14:59.4,6.60000014305115,"APP_FIRST"
"P13","jar2","BOOKLET","Unresolved Upon Completion",00:15:05.9,00:15:07.9,2,"APP_FIRST"
"P13","jar2","BOOKLET","Unresolved Upon Completion",00:15:07.9,00:15:12.5,4.59999990463257,"APP_FIRST"
"P13","jar2","BOOKLET","Unresolved Upon Completion",00:15:18.0,00:15:22.1,4.09999990463257,"APP_FIRST"
"P13","jar2","BOOKLET","Unresolved Upon Completion",00:15:22.1,00:15:25.3,3.20000004768372,"APP_FIRST"
"P13","jar2","BOOKLET","Unresolved Upon Completion",00:15:29.3,00:15:32.5,3.20000004768372,"APP_FIRST"
"P13","jar2","BOOKLET","Error Recovery",00:15:45.9,00:15:52.5,6.59999990463257,"APP_FIRST"
"P14","jar1","APP","Error Recovery",00:05:40.8,00:05:42.4,1.60000014305115,"APP_FIRST"
"P14","jar1","APP","Error Recovery",00:05:42.4,00:05:44.1,1.69999980926514,"APP_FIRST"
"P14","jar1","APP","Error Recovery",00:05:44.2,00:05:50.6,6.39999985694885,"APP_FIRST"
"P14","jar1","APP","Error Recovery",00:07:22.0,00:07:29.2,7.20000004768372,"APP_FIRST"
"P14","jar2","BOOKLET","Error Recovery",00:08:28.0,00:08:32.4,4.40000009536743,"APP_FIRST"
"P14","jar2","BOOKLET","Error Recovery",00:11:07.3,00:11:12.0,4.70000004768372,"APP_FIRST"
"P14","jar2","BOOKLET","Error Recovery",00:11:13.8,00:11:15.0,1.20000004768372,"APP_FIRST"
"P15","jar1","BOOKLET","Error Recovery",00:01:47.2,00:02:09.6,22.3999998569489,"BOOK_FIRST"
"P16","jar1","APP","Error Recovery",00:08:30.6,00:08:35.6,5,"APP_FIRST"
"P16","jar2","BOOKLET","Error Recovery",00:07:04.9,00:07:34.6,29.6999998092651,"APP_FIRST"
"P17","jar1","APP","Error Recovery",00:08:14.0,00:08:41.7,27.7000000476837,"APP_FIRST"
"P17","jar1","APP","Error Recovery",00:18:22.0,00:18:34.5,12.5,"APP_FIRST"
"P17","jar1","APP","Error Recovery",00:19:27.8,00:19:43.8,16,"APP_FIRST"
"P17","jar1","APP","Error Recovery",00:20:55.4,00:21:05.1,9.69999980926514,"APP_FIRST"
"P17","jar2","BOOKLET","Unresolved Upon Completion",00:06:15.0,00:06:19.5,4.5,"APP_FIRST"
"P17","jar2","BOOKLET","Unresolved Upon Completion",00:06:19.6,00:06:24.3,4.70000004768372,"APP_FIRST"
"P17","jar2","BOOKLET","Unresolved Upon Completion",00:06:24.3,00:06:31.5,7.20000004768372,"APP_FIRST"
"P17","jar2","BOOKLET","Unresolved Upon Completion",00:09:52.6,00:09:56.1,3.5,"APP_FIRST"
"P17","jar2","BOOKLET","Unresolved Upon Completion",00:09:56.1,00:09:59.7,3.60000014305115,"APP_FIRST"
"P17","jar2","BOOKLET","Unresolved Upon Completion",00:10:00.0,00:10:06.4,6.40000009536743,"APP_FIRST"
"P17","jar2","BOOKLET","Unresolved Upon Completion",00:25:44.4,00:25:47.8,3.39999985694885,"APP_FIRST"
"P17","jar2","BOOKLET","Unresolved Upon Completion",00:25:48.0,00:25:56.1,8.09999990463257,"APP_FIRST"
"P17","jar2","BOOKLET","Error Recovery",00:28:07.2,00:28:24.5,17.2999999523163,"APP_FIRST"
