"PID","JAR","FORMAT","STEP","START","END","DURATION"
"P01","jar1","BOOKLET","Step 1",00:02:03,00:02:05,2
"P01","jar1","BOOKLET","Step 0B",00:02:05,00:02:20,15
"P01","jar1","BOOKLET","Step 2",00:02:20,00:02:55,35
"P01","jar1","BOOKLET","Step 3",00:02:55,00:03:03,8
"P01","jar1","BOOKLET","Step 4",00:03:03,00:03:22,19
"P01","jar1","BOOKLET","Step 5",00:03:24,00:03:49,25
"P01","jar1","BOOKLET","Step 6",00:03:49,00:03:58,9
"P01","jar1","BOOKLET","Step 7",00:03:58,00:04:04,6
"P01","jar1","BOOKLET","Step 8",00:04:04,00:04:40,36
"P01","jar1","BOOKLET","Step 9",00:04:42,00:04:57,15
"P01","jar1","BOOKLET","Step 7",00:05:00,00:05:19,19
"P01","jar1","BOOKLET","Step 9",00:05:20,00:05:54,34
"P01","jar1","BOOKLET","Step 10",00:05:54,00:06:12,18
"P01","jar1","BOOKLET","Step 11",00:06:12,00:06:20,8
"P01","jar1","BOOKLET","Step 12",00:06:22,00:06:29,7
"P01","jar1","BOOKLET","Step 13",00:06:29,00:06:42,13
"P01","jar1","BOOKLET","Step 14",00:06:42,00:07:07,25
"P01","jar1","BOOKLET","Step 15",00:07:07,00:07:49,42
"P01","jar1","BOOKLET","Step 16",00:07:51,00:07:58,7
"P01","jar1","BOOKLET","Step 17",00:07:58,00:08:14,16
"P01","jar1","BOOKLET","Step 18",00:08:14,00:08:29,15
"P01","jar1","BOOKLET","Step 19",00:08:31,00:08:38,7
"P01","jar1","BOOKLET","Step 20",00:08:38,00:08:43,5
"P01","jar1","BOOKLET","Step 21",00:08:43,00:09:07,24
"P01","jar1","BOOKLET","Step 22",00:09:08,00:10:10,62
"P01","jar1","BOOKLET","Step 23",00:10:10,00:11:11,61
"P01","jar1","BOOKLET","Step 24",00:11:12,00:11:27,15
"P01","jar1","BOOKLET","Step 25",00:11:27,00:11:45,18
"P01","jar1","BOOKLET","Step 26",00:11:45,00:12:02,17
"P01","jar1","BOOKLET","Step 27",00:12:03,00:12:40,37
"P01","jar1","BOOKLET","Step 28",00:12:40,00:13:23,43
"P01","jar1","BOOKLET","Step 29",00:13:26,00:13:40,14
"P01","jar2","APP","Step 0A",00:00:05,00:00:27,22
"P01","jar2","APP","Step 30",00:00:28,00:00:53,25
"P01","jar2","APP","Step 31",00:00:54,00:02:12,78
"P01","jar2","APP","Step 32",00:02:14,00:02:24,10
"P01","jar2","APP","Step 33",00:02:26,00:03:05,39
"P01","jar2","APP","Step 34",00:03:06,00:03:44,38
"P01","jar2","APP","Step 35",00:03:45,00:04:14,29
"P01","jar2","APP","Step 36",00:04:15,00:04:23,8
"P01","jar2","APP","Step 37",00:04:24,00:04:38,14
"P01","jar2","APP","Step 38",00:04:39,00:04:47,8
"P01","jar2","APP","Step 39",00:04:47,00:05:05,18
"P01","jar2","APP","Step 40",00:05:07,00:05:24,17
"P01","jar2","APP","Step 41",00:05:26,00:07:34,128
"P01","jar2","APP","Step 42",00:07:34,00:07:59,25
"P01","jar2","APP","Step 43",00:08:02,00:08:18,16
"P01","jar2","APP","Step 44",00:08:18,00:08:35,17
"P01","jar2","APP","Step 45",00:08:35,00:10:05,90
"P01","jar2","APP","Step 46",00:10:05,00:10:55,50
"P01","jar2","APP","Step 47",00:10:56,00:11:06,10
"P01","jar2","APP","Step 48",00:11:06,00:11:26,20
"P01","jar2","APP","Step 49",00:11:26,00:12:07,41
"P01","jar2","APP","Step 50",00:12:07,00:13:39,92
"P01","jar2","APP","Step 49",00:13:39,00:13:41,2
"P01","jar2","APP","Step 48",00:13:41,00:13:49,8
"P01","jar2","APP","Step 47",00:13:49,00:16:06,137
"P01","jar2","APP","Step 46",00:16:06,00:16:15,9
"P01","jar2","APP","Step 45",00:16:15,00:16:38,23
"P01","jar2","APP","Step 44",00:16:38,00:17:14,36
"P01","jar2","APP","Step 45",00:17:14,00:18:54,100
"P01","jar2","APP","Step 46",00:18:54,00:19:22,28
"P01","jar2","APP","Step 47",00:19:22,00:19:25,3
"P01","jar2","APP","Step 48",00:19:25,00:20:05,40
"P01","jar2","APP","Step 49",00:20:05,00:20:55,50
"P01","jar2","APP","Step 50",00:21:38,00:21:49,11
"P01","jar2","APP","Step 51",00:21:51,00:21:56,5
"P01","jar2","APP","Step 52",00:21:56,00:22:01,5
"P01","jar2","APP","Step 53",00:22:01,00:22:28,27
"P01","jar2","APP","Step 52",00:22:28,00:22:49,21
"P01","jar2","APP","Step 53",00:22:50,00:22:52,2
"P01","jar2","APP","Step 54",00:22:52,00:23:15,23
"P01","jar2","APP","Step 55",00:23:15,00:23:27,12
"P01","jar2","APP","Step 56",00:23:28,00:23:53,25
"P01","jar2","APP","Step 57",00:23:55,00:24:10,15
"P01","jar2","APP","Step 58",00:24:11,00:24:17,6
"P02","jar1","BOOKLET","Step 0B",00:01:58,00:02:30,32
"P02","jar1","BOOKLET","Step 1",00:02:30,00:02:33,3
"P02","jar1","BOOKLET","Step 2",00:02:33,00:03:05,32
"P02","jar1","BOOKLET","Step 3",00:03:05,00:03:20,15
"P02","jar1","BOOKLET","Step 4",00:03:20,00:03:48,28
"P02","jar1","BOOKLET","Step 5",00:03:48,00:04:15,27
"P02","jar1","BOOKLET","Step 6",00:04:15,00:04:22,7
"P02","jar1","BOOKLET","Step 7",00:04:22,00:04:32,10
"P02","jar1","BOOKLET","Step 8",00:04:32,00:04:58,26
"P02","jar1","BOOKLET","Step 9",00:04:59,00:05:19,20
"P02","jar1","BOOKLET","Step 10",00:05:19,00:05:35,16
"P02","jar1","BOOKLET","Step 11",00:05:35,00:05:48,13
"P02","jar1","BOOKLET","Step 12",00:05:49,00:05:56,7
"P02","jar1","BOOKLET","Step 13",00:05:56,00:06:12,16
"P02","jar1","BOOKLET","Step 14",00:06:12,00:06:27,15
"P02","jar1","BOOKLET","Step 13",00:06:27,00:06:42,15
"P02","jar1","BOOKLET","Step 14",00:06:42,00:08:05,83
"P02","jar1","BOOKLET","Step 15",00:08:05,00:08:23,18
"P02","jar1","BOOKLET","Step 13",00:08:23,00:08:35,12
"P02","jar1","BOOKLET","Step 15",00:08:35,00:09:04,29
"P02","jar1","BOOKLET","Step 16",00:09:05,00:09:12,7
"P02","jar1","BOOKLET","Step 17",00:09:12,00:09:28,16
"P02","jar1","BOOKLET","Step 18",00:09:28,00:09:55,27
"P02","jar1","BOOKLET","Step 19",00:09:56,00:10:04,8
"P02","jar1","BOOKLET","Step 20",00:10:04,00:10:12,8
"P02","jar1","BOOKLET","Step 21",00:10:12,00:10:47,35
"P02","jar1","BOOKLET","Step 22",00:10:47,00:12:05,78
"P02","jar1","BOOKLET","Step 23",00:12:05,00:12:55,50
"P02","jar1","BOOKLET","Step 24",00:12:56,00:13:30,34
"P02","jar1","BOOKLET","Step 25",00:13:30,00:13:48,18
"P02","jar1","BOOKLET","Step 26",00:13:48,00:14:11,23
"P02","jar1","BOOKLET","Step 27",00:14:12,00:14:57,45
"P02","jar1","BOOKLET","Step 28",00:14:57,00:15:41,44
"P02","jar1","BOOKLET","Step 29",00:15:43,00:15:58,15
"P02","jar2","APP","Step 0A",00:00:13,00:00:43,30
"P02","jar2","APP","Step 30",00:00:43,00:01:24,41
"P02","jar2","APP","Step 31",00:01:24,00:02:18,54
"P02","jar2","APP","Step 32",00:02:18,00:02:39,21
"P02","jar2","APP","Step 33",00:02:39,00:03:51,72
"P02","jar2","APP","Step 34",00:03:51,00:04:28,37
"P02","jar2","APP","Step 35",00:04:28,00:05:09,41
"P02","jar2","APP","Step 36",00:05:09,00:05:18,9
"P02","jar2","APP","Step 37",00:05:18,00:05:49,31
"P02","jar2","APP","Step 38",00:05:49,00:06:09,20
"P02","jar2","APP","Step 39",00:06:09,00:06:24,15
"P02","jar2","APP","Step 39",00:07:15,00:07:32,17
"P02","jar2","APP","Step 40",00:07:32,00:07:49,17
"P02","jar2","APP","Step 41",00:07:49,00:08:58,69
"P02","jar2","APP","Step 42",00:08:58,00:09:11,13
"P02","jar2","APP","Step 43",00:09:11,00:09:24,13
"P02","jar2","APP","Step 44",00:09:24,00:09:41,17
"P02","jar2","APP","Step 45",00:09:41,00:10:49,68
"P02","jar2","APP","Step 46",00:10:49,00:11:34,45
"P02","jar2","APP","Step 47",00:11:34,00:11:49,15
"P02","jar2","APP","Step 48",00:11:49,00:12:44,55
"P02","jar2","APP","Step 49",00:12:44,00:13:22,38
"P02","jar2","APP","Step 50",00:13:22,00:13:48,26
"P02","jar2","APP","Step 51",00:13:48,00:14:28,40
"P02","jar2","APP","Step 52",00:14:28,00:14:49,21
"P02","jar2","APP","Step 53",00:14:49,00:15:18,29
"P02","jar2","APP","Step 54",00:15:18,00:15:53,35
"P02","jar2","APP","Step 55",00:15:53,00:16:09,16
"P02","jar2","APP","Step 56",00:16:09,00:16:38,29
"P02","jar2","APP","Step 57",00:16:38,00:17:10,32
"P02","jar2","APP","Step 58",00:17:10,00:17:25,15
"P03","jar1","APP","Step 0A",00:00:13,00:00:54,41
"P03","jar1","APP","Step 1",00:00:54,00:00:55,1
"P03","jar1","APP","Step 2",00:00:55,00:01:54,59
"P03","jar1","APP","Step 3",00:01:54,00:02:07,13
"P03","jar1","APP","Step 4",00:02:07,00:02:41,34
"P03","jar1","APP","Step 5",00:02:41,00:03:31,50
"P03","jar1","APP","Step 6",00:03:31,00:03:46,15
"P03","jar1","APP","Step 7",00:03:46,00:04:04,18
"P03","jar1","APP","Step 8",00:04:04,00:04:27,23
"P03","jar1","APP","Step 9",00:04:27,00:05:14,47
"P03","jar1","APP","Step 10",00:05:14,00:05:43,29
"P03","jar1","APP","Step 11",00:05:43,00:06:03,20
"P03","jar1","APP","Step 12",00:06:03,00:06:12,9
"P03","jar1","APP","Step 13",00:06:12,00:06:31,19
"P03","jar1","APP","Step 14",00:06:31,00:07:31,60
"P03","jar1","APP","Step 15",00:07:31,00:08:15,44
"P03","jar1","APP","Step 16",00:08:15,00:08:25,10
"P03","jar1","APP","Step 17",00:08:25,00:08:37,12
"P03","jar1","APP","Step 16",00:08:37,00:08:38,1
"P03","jar1","APP","Step 17",00:08:38,00:08:57,19
"P03","jar1","APP","Step 18",00:08:57,00:09:39,42
"P03","jar1","APP","Step 19",00:09:39,00:09:51,12
"P03","jar1","APP","Step 20",00:09:51,00:09:59,8
"P03","jar1","APP","Step 21",00:09:59,00:10:33,34
"P03","jar1","APP","Step 22",00:10:33,00:12:13,100
"P03","jar1","APP","Step 23",00:12:13,00:13:14,61
"P03","jar1","APP","Step 24",00:13:14,00:13:44,30
"P03","jar1","APP","Step 25",00:13:44,00:14:07,23
"P03","jar1","APP","Step 26",00:14:07,00:14:42,35
"P03","jar1","APP","Step 27",00:14:42,00:15:37,55
"P03","jar1","APP","Step 28",00:15:37,00:15:45,8
"P03","jar1","APP","Step 28",00:16:16,00:16:41,25
"P03","jar1","APP","Step 29",00:16:41,00:17:00,19
"P03","jar1","APP","Step 28",00:17:23,00:17:50,27
"P03","jar1","APP","Step 29",00:17:50,00:18:04,14
"P03","jar2","BOOKLET","Step 0B",00:00:09,00:00:24,15
"P03","jar2","BOOKLET","Step 30",00:00:26,00:01:10,44
"P03","jar2","BOOKLET","Step 31",00:01:10,00:02:14,64
"P03","jar2","BOOKLET","Step 32",00:02:15,00:02:42,27
"P03","jar2","BOOKLET","Step 33",00:02:42,00:03:45,63
"P03","jar2","BOOKLET","Step 34",00:03:46,00:04:19,33
"P03","jar2","BOOKLET","Step 35",00:04:19,00:05:19,60
"P03","jar2","BOOKLET","Step 34",00:05:19,00:05:38,19
"P03","jar2","BOOKLET","Step 35",00:05:38,00:05:41,3
"P03","jar2","BOOKLET","Step 36",00:05:44,00:05:56,12
"P03","jar2","BOOKLET","Step 37",00:05:56,00:06:12,16
"P03","jar2","BOOKLET","Step 38",00:06:12,00:06:22,10
"P03","jar2","BOOKLET","Step 39",00:06:22,00:06:50,28
"P03","jar2","BOOKLET","Step 40",00:06:52,00:07:09,17
"P03","jar2","BOOKLET","Step 41",00:07:09,00:08:54,105
"P03","jar2","BOOKLET","Step 42",00:08:55,00:09:27,32
"P03","jar2","BOOKLET","Step 43",00:09:27,00:09:39,12
"P03","jar2","BOOKLET","Step 44",00:09:39,00:09:54,15
"P03","jar2","BOOKLET","Step 45",00:09:55,00:11:27,92
"P03","jar2","BOOKLET","Step 46",00:11:27,00:12:17,50
"P03","jar2","BOOKLET","Step 47",00:12:24,00:12:38,14
"P03","jar2","BOOKLET","Step 48",00:12:38,00:13:30,52
"P03","jar2","BOOKLET","Step 49",00:13:30,00:15:13,103
"P03","jar2","BOOKLET","Step 50",00:15:13,00:15:44,31
"P03","jar2","BOOKLET","Step 51",00:15:45,00:16:06,21
"P03","jar2","BOOKLET","Step 52",00:16:06,00:17:13,67
"P03","jar2","BOOKLET","Step 53",00:17:13,00:17:42,29
"P03","jar2","BOOKLET","Step 54",00:17:42,00:18:12,30
"P03","jar2","BOOKLET","Step 55",00:18:14,00:18:30,16
"P03","jar2","BOOKLET","Step 56",00:18:30,00:19:27,57
"P03","jar2","BOOKLET","Step 58",00:19:28,00:19:37,9
"P03","jar2","BOOKLET","Step 57",00:19:37,00:19:48,11
"P03","jar2","BOOKLET","Step 58",00:19:48,00:19:55,7
"P04","jar1","APP","Step 1",00:00:27,00:00:28,1
"P04","jar1","APP","Step 0A",00:00:28,00:01:45,77
"P04","jar1","APP","Step 2",00:01:50,00:02:17,27
"P04","jar1","APP","Step 3",00:02:17,00:02:29,12
"P04","jar1","APP","Step 4",00:02:29,00:03:04,35
"P04","jar1","APP","Step 5",00:03:04,00:03:31,27
"P04","jar1","APP","Step 6",00:03:31,00:03:37,6
"P04","jar1","APP","Step 7",00:03:37,00:03:46,9
"P04","jar1","APP","Step 8",00:03:46,00:03:57,11
"P04","jar1","APP","Step 9",00:03:57,00:04:20,23
"P04","jar1","APP","Step 10",00:04:20,00:04:35,15
"P04","jar1","APP","Step 11",00:04:35,00:04:55,20
"P04","jar1","APP","Step 12",00:04:55,00:05:07,12
"P04","jar1","APP","Step 13",00:05:07,00:05:19,12
"P04","jar1","APP","Step 14",00:05:19,00:05:46,27
"P04","jar1","APP","Step 15",00:05:46,00:06:42,56
"P04","jar1","APP","Step 14",00:06:42,00:07:06,24
"P04","jar1","APP","Step 15",00:07:06,00:07:27,21
"P04","jar1","APP","Step 16",00:07:27,00:07:33,6
"P04","jar1","APP","Step 17",00:07:33,00:07:52,19
"P04","jar1","APP","Step 18",00:07:52,00:08:13,21
"P04","jar1","APP","Step 19",00:08:13,00:08:23,10
"P04","jar1","APP","Step 20",00:08:23,00:08:31,8
"P04","jar1","APP","Step 21",00:08:31,00:08:57,26
"P04","jar1","APP","Step 22",00:08:57,00:09:56,59
"P04","jar1","APP","Step 23",00:09:56,00:10:12,16
"P04","jar1","APP","Step 22",00:10:12,00:10:15,3
"P04","jar1","APP","Step 23",00:10:15,00:10:59,44
"P04","jar1","APP","Step 24",00:10:59,00:11:30,31
"P04","jar1","APP","Step 25",00:11:30,00:12:16,46
"P04","jar1","APP","Step 26",00:12:16,00:12:29,13
"P04","jar1","APP","Step 27",00:12:29,00:13:12,43
"P04","jar1","APP","Step 28",00:13:12,00:13:42,30
"P04","jar1","APP","Step 29",00:13:42,00:13:55,13
"P04","jar1","APP","Step 9",00:14:43,00:14:59,16
"P04","jar2","BOOKLET","Step 0B",00:00:10,00:03:48,218
"P04","jar2","BOOKLET","Step 30",00:03:48,00:04:24,36
"P04","jar2","BOOKLET","Step 31",00:04:24,00:05:28,64
"P04","jar2","BOOKLET","Step 32",00:05:29,00:05:48,19
"P04","jar2","BOOKLET","Step 33",00:05:48,00:06:33,45
"P04","jar2","BOOKLET","Step 34",00:06:34,00:06:59,25
"P04","jar2","BOOKLET","Step 35",00:06:59,00:07:25,26
"P04","jar2","BOOKLET","Step 40",00:07:27,00:07:40,13
"P04","jar2","BOOKLET","Step 36",00:07:40,00:07:51,11
"P04","jar2","BOOKLET","Step 37",00:07:51,00:08:14,23
"P04","jar2","BOOKLET","Step 38",00:08:14,00:08:24,10
"P04","jar2","BOOKLET","Step 39",00:08:24,00:08:45,21
"P04","jar2","BOOKLET","Step 40",00:08:45,00:09:09,24
"P04","jar2","BOOKLET","Step 41",00:09:09,00:10:07,58
"P04","jar2","BOOKLET","Step 42",00:10:11,00:10:21,10
"P04","jar2","BOOKLET","Step 43",00:10:21,00:10:31,10
"P04","jar2","BOOKLET","Step 44",00:10:31,00:10:44,13
"P04","jar2","BOOKLET","Step 45",00:10:49,00:11:50,61
"P04","jar2","BOOKLET","Step 46",00:11:50,00:13:04,74
"P04","jar2","BOOKLET","Step 47",00:13:05,00:13:18,13
"P04","jar2","BOOKLET","Step 48",00:13:18,00:13:50,32
"P04","jar2","BOOKLET","Step 49",00:13:50,00:14:31,41
"P04","jar2","BOOKLET","Step 50",00:14:31,00:14:51,20
"P04","jar2","BOOKLET","Step 47",00:14:51,00:15:41,50
"P04","jar2","BOOKLET","Step 51",00:15:42,00:15:42,0
"P04","jar2","BOOKLET","Step 45",00:15:45,00:15:49,4
"P04","jar2","BOOKLET","Step 46",00:15:49,00:15:51,2
"P04","jar2","BOOKLET","Step 49",00:15:52,00:15:54,2
"P04","jar2","BOOKLET","Step 48",00:15:54,00:16:15,21
"P04","jar2","BOOKLET","Step 46",00:16:16,00:17:18,62
"P04","jar2","BOOKLET","Step 41",00:18:03,00:18:23,20
"P04","jar2","BOOKLET","Step 41",00:18:38,00:19:22,44
"P04","jar2","BOOKLET","Step 36",00:19:22,00:19:31,9
"P04","jar2","BOOKLET","Step 37",00:19:31,00:19:43,12
"P04","jar2","BOOKLET","Step 38",00:19:43,00:19:52,9
"P04","jar2","BOOKLET","Step 39",00:19:52,00:20:06,14
"P04","jar2","BOOKLET","Step 40",00:20:07,00:20:13,6
"P04","jar2","BOOKLET","Step 41",00:20:13,00:22:11,118
"P04","jar2","BOOKLET","Step 42",00:22:13,00:22:21,8
"P04","jar2","BOOKLET","Step 43",00:22:21,00:22:31,10
"P04","jar2","BOOKLET","Step 44",00:22:31,00:22:42,11
"P04","jar2","BOOKLET","Step 45",00:22:43,00:23:23,40
"P04","jar2","BOOKLET","Step 46",00:23:23,00:23:50,27
"P04","jar2","BOOKLET","Step 47",00:23:51,00:23:58,7
"P04","jar2","BOOKLET","Step 48",00:23:58,00:24:33,35
"P04","jar2","BOOKLET","Step 49",00:24:33,00:25:28,55
"P04","jar2","BOOKLET","Step 50",00:25:28,00:26:08,40
"P04","jar2","BOOKLET","Step 51",00:26:09,00:26:33,24
"P04","jar2","BOOKLET","Step 52",00:26:33,00:26:47,14
"P04","jar2","BOOKLET","Step 53",00:26:47,00:27:14,27
"P04","jar2","BOOKLET","Step 54",00:27:14,00:27:33,19
"P04","jar2","BOOKLET","Step 55",00:27:35,00:27:44,9
"P04","jar2","BOOKLET","Step 56",00:27:44,00:28:06,22
"P04","jar2","BOOKLET","Step 57",00:28:06,00:28:21,15
"P04","jar2","BOOKLET","Step 58",00:28:22,00:28:33,11
"P05","jar1","BOOKLET","Step 0B",00:00:19,00:00:41,22
"P05","jar1","BOOKLET","Step 1",00:00:41,00:00:44,3
"P05","jar1","BOOKLET","Step 2",00:00:44,00:02:52,128
"P05","jar1","BOOKLET","Step 3",00:02:52,00:03:07,15
"P05","jar1","BOOKLET","Step 4",00:03:07,00:03:50,43
"P05","jar1","BOOKLET","Step 5",00:03:51,00:04:21,30
"P05","jar1","BOOKLET","Step 6",00:04:21,00:04:31,10
"P05","jar1","BOOKLET","Step 7",00:04:31,00:04:47,16
"P05","jar1","BOOKLET","Step 8",00:04:47,00:04:58,11
"P05","jar1","BOOKLET","Step 9",00:05:00,00:05:34,34
"P05","jar1","BOOKLET","Step 10",00:05:34,00:05:52,18
"P05","jar1","BOOKLET","Step 11",00:05:52,00:06:08,16
"P05","jar1","BOOKLET","Step 12",00:06:09,00:06:29,20
"P05","jar1","BOOKLET","Step 13",00:06:29,00:07:03,34
"P05","jar1","BOOKLET","Step 14",00:07:03,00:09:42,159
"P05","jar1","BOOKLET","Step 15",00:09:42,00:11:09,87
"P05","jar1","BOOKLET","Step 16",00:11:10,00:11:24,14
"P05","jar1","BOOKLET","Step 17",00:11:24,00:11:46,22
"P05","jar1","BOOKLET","Step 18",00:11:46,00:12:09,23
"P05","jar1","BOOKLET","Step 19",00:12:10,00:12:26,16
"P05","jar1","BOOKLET","Step 20",00:12:26,00:12:33,7
"P05","jar1","BOOKLET","Step 21",00:12:33,00:13:31,58
"P05","jar1","BOOKLET","Step 22",00:13:32,00:15:32,120
"P05","jar1","BOOKLET","Step 23",00:15:33,00:16:57,84
"P05","jar1","BOOKLET","Step 24",00:16:58,00:17:27,29
"P05","jar1","BOOKLET","Step 25",00:17:27,00:17:46,19
"P05","jar1","BOOKLET","Step 26",00:17:46,00:18:09,23
"P05","jar1","BOOKLET","Step 27",00:18:10,00:19:09,59
"P05","jar1","BOOKLET","Step 28",00:19:09,00:20:10,61
"P05","jar1","BOOKLET","Step 29",00:20:11,00:20:37,26
"P05","jar2","APP","Step 0A",00:00:15,00:00:35,20
"P05","jar2","APP","Step 30",00:00:35,00:01:29,54
"P05","jar2","APP","Step 31",00:01:29,00:02:17,48
"P05","jar2","APP","Step 32",00:02:17,00:02:35,18
"P05","jar2","APP","Step 33",00:02:35,00:03:27,52
"P05","jar2","APP","Step 34",00:03:27,00:04:18,51
"P05","jar2","APP","Step 35",00:04:18,00:04:57,39
"P05","jar2","APP","Step 36",00:04:57,00:05:04,7
"P05","jar2","APP","Step 37",00:05:04,00:05:21,17
"P05","jar2","APP","Step 38",00:05:21,00:05:30,9
"P05","jar2","APP","Step 39",00:05:30,00:05:46,16
"P05","jar2","APP","Step 40",00:05:46,00:06:01,15
"P05","jar2","APP","Step 41",00:06:01,00:07:09,68
"P05","jar2","APP","Step 42",00:07:09,00:07:16,7
"P05","jar2","APP","Step 43",00:07:20,00:07:26,6
"P05","jar2","APP","Step 44",00:07:26,00:08:00,34
"P05","jar2","APP","Step 45",00:08:00,00:09:15,75
"P05","jar2","APP","Step 46",00:09:15,00:09:56,41
"P05","jar2","APP","Step 47",00:09:56,00:10:04,8
"P05","jar2","APP","Step 48",00:10:04,00:10:22,18
"P05","jar2","APP","Step 49",00:10:22,00:10:48,26
"P05","jar2","APP","Step 50",00:10:48,00:12:23,95
"P05","jar2","APP","Step 51",00:12:23,00:12:46,23
"P05","jar2","APP","Step 52",00:12:46,00:13:08,22
"P05","jar2","APP","Step 53",00:13:08,00:14:16,68
"P05","jar2","APP","Step 54",00:14:16,00:14:31,15
"P05","jar2","APP","Step 55",00:14:31,00:14:40,9
"P05","jar2","APP","Step 56",00:14:40,00:15:01,21
"P05","jar2","APP","Step 57",00:15:01,00:17:09,128
"P05","jar2","APP","Step 58",00:15:36,00:17:19,103
"P06","jar1","APP","Step 0A",00:00:09,00:00:29,20
"P06","jar1","APP","Step 1",00:00:31,00:00:46,15
"P06","jar1","APP","Step 2",00:00:46,00:01:34,48
"P06","jar1","APP","Step 3",00:01:34,00:01:54,20
"P06","jar1","APP","Step 4",00:01:54,00:02:16,22
"P06","jar1","APP","Step 5",00:02:16,00:04:20,124
"P06","jar1","APP","Step 6",00:04:20,00:04:28,8
"P06","jar1","APP","Step 7",00:04:28,00:04:45,17
"P06","jar1","APP","Step 8",00:04:45,00:05:00,15
"P06","jar1","APP","Step 7",00:05:00,00:05:28,28
"P06","jar1","APP","Step 8",00:05:28,00:05:33,5
"P06","jar1","APP","Step 9",00:05:33,00:05:58,25
"P06","jar1","APP","Step 10",00:05:58,00:06:24,26
"P06","jar1","APP","Step 11",00:06:24,00:06:35,11
"P06","jar1","APP","Step 12",00:06:35,00:06:41,6
"P06","jar1","APP","Step 13",00:06:41,00:07:00,19
"P06","jar1","APP","Step 14",00:07:00,00:07:28,28
"P06","jar1","APP","Step 15",00:07:28,00:08:01,33
"P06","jar1","APP","Step 16",00:08:01,00:08:07,6
"P06","jar1","APP","Step 17",00:08:24,00:08:38,14
"P06","jar1","APP","Step 18",00:08:38,00:09:11,33
"P06","jar1","APP","Step 19",00:09:11,00:09:19,8
"P06","jar1","APP","Step 20",00:09:19,00:09:27,8
"P06","jar1","APP","Step 21",00:09:27,00:09:57,30
"P06","jar1","APP","Step 22",00:09:57,00:10:51,54
"P06","jar1","APP","Step 23",00:10:51,00:11:26,35
"P06","jar1","APP","Step 24",00:11:26,00:11:40,14
"P06","jar1","APP","Step 25",00:11:40,00:12:08,28
"P06","jar1","APP","Step 26",00:12:08,00:12:22,14
"P06","jar1","APP","Step 27",00:12:22,00:12:56,34
"P06","jar1","APP","Step 28",00:12:56,00:13:16,20
"P06","jar1","APP","Step 29",00:13:16,00:13:23,7
"P06","jar2","BOOKLET","Step 0B",00:00:23,00:00:38,15
"P06","jar2","BOOKLET","Step 30",00:00:38,00:01:01,23
"P06","jar2","BOOKLET","Step 31",00:01:01,00:01:44,43
"P06","jar2","BOOKLET","Step 32",00:01:46,00:02:03,17
"P06","jar2","BOOKLET","Step 33",00:02:03,00:02:46,43
"P06","jar2","BOOKLET","Step 34",00:02:47,00:03:23,36
"P06","jar2","BOOKLET","Step 35",00:03:23,00:03:52,29
"P06","jar2","BOOKLET","Step 36",00:03:53,00:03:59,6
"P06","jar2","BOOKLET","Step 37",00:03:59,00:04:13,14
"P06","jar2","BOOKLET","Step 38",00:04:13,00:04:23,10
"P06","jar2","BOOKLET","Step 39",00:04:23,00:04:34,11
"P06","jar2","BOOKLET","Step 40",00:04:36,00:05:17,41
"P06","jar2","BOOKLET","Step 41",00:05:17,00:06:28,71
"P06","jar2","BOOKLET","Step 42",00:06:29,00:06:39,10
"P06","jar2","BOOKLET","Step 43",00:06:39,00:06:44,5
"P06","jar2","BOOKLET","Step 44",00:06:44,00:07:12,28
"P06","jar2","BOOKLET","Step 45",00:07:14,00:08:04,50
"P06","jar2","BOOKLET","Step 46",00:08:04,00:08:29,25
"P06","jar2","BOOKLET","Step 47",00:08:30,00:08:40,10
"P06","jar2","BOOKLET","Step 48",00:08:40,00:09:14,34
"P06","jar2","BOOKLET","Step 49",00:09:14,00:09:58,44
"P06","jar2","BOOKLET","Step 50",00:09:58,00:11:10,72
"P06","jar2","BOOKLET","Step 51",00:11:11,00:11:55,44
"P06","jar2","BOOKLET","Step 52",00:11:55,00:12:13,18
"P06","jar2","BOOKLET","Step 53",00:12:13,00:12:40,27
"P06","jar2","BOOKLET","Step 54",00:12:40,00:12:58,18
"P06","jar2","BOOKLET","Step 55",00:12:59,00:13:12,13
"P06","jar2","BOOKLET","Step 56",00:13:12,00:13:27,15
"P06","jar2","BOOKLET","Step 57",00:13:27,00:13:59,32
"P06","jar2","BOOKLET","Step 58",00:14:01,00:14:12,11
"P07","jar1","BOOKLET","Step 0B",00:00:12,00:00:20,8
"P07","jar1","BOOKLET","Step 1",00:00:20,00:00:21,1
"P07","jar1","BOOKLET","Step 2",00:00:21,00:00:47,26
"P07","jar1","BOOKLET","Step 3",00:00:47,00:01:36,49
"P07","jar1","BOOKLET","Step 4",00:01:36,00:02:03,27
"P07","jar1","BOOKLET","Step 5",00:02:06,00:02:24,18
"P07","jar1","BOOKLET","Step 6",00:02:24,00:02:30,6
"P07","jar1","BOOKLET","Step 7",00:02:30,00:02:41,11
"P07","jar1","BOOKLET","Step 8",00:02:41,00:02:50,9
"P07","jar1","BOOKLET","Step 9",00:02:51,00:03:09,18
"P07","jar1","BOOKLET","Step 10",00:03:09,00:03:23,14
"P07","jar1","BOOKLET","Step 11",00:03:23,00:03:35,12
"P07","jar1","BOOKLET","Step 12",00:03:36,00:03:43,7
"P07","jar1","BOOKLET","Step 13",00:03:43,00:03:54,11
"P07","jar1","BOOKLET","Step 14",00:03:54,00:04:34,40
"P07","jar1","BOOKLET","Step 15",00:04:34,00:05:17,43
"P07","jar1","BOOKLET","Step 16",00:05:18,00:05:22,4
"P07","jar1","BOOKLET","Step 17",00:05:22,00:05:37,15
"P07","jar1","BOOKLET","Step 18",00:05:37,00:05:53,16
"P07","jar1","BOOKLET","Step 19",00:05:54,00:06:05,11
"P07","jar1","BOOKLET","Step 20",00:06:05,00:06:11,6
"P07","jar1","BOOKLET","Step 21",00:06:11,00:06:38,27
"P07","jar1","BOOKLET","Step 22",00:06:40,00:07:45,65
"P07","jar1","BOOKLET","Step 23",00:07:45,00:08:24,39
"P07","jar1","BOOKLET","Step 24",00:08:25,00:08:37,12
"P07","jar1","BOOKLET","Step 25",00:08:37,00:09:19,42
"P07","jar1","BOOKLET","Step 26",00:09:19,00:09:29,10
"P07","jar1","BOOKLET","Step 27",00:09:30,00:10:05,35
"P07","jar1","BOOKLET","Step 28",00:10:05,00:10:35,30
"P07","jar1","BOOKLET","Step 29",00:10:51,00:10:56,5
"P07","jar2","APP","Step 0A",00:00:10,00:00:29,19
"P07","jar2","APP","Step 30",00:00:29,00:00:58,29
"P07","jar2","APP","Step 31",00:00:58,00:01:39,41
"P07","jar2","APP","Step 32",00:01:39,00:02:43,64
"P07","jar2","APP","Step 33",00:02:43,00:03:29,46
"P07","jar2","APP","Step 34",00:03:29,00:04:02,33
"P07","jar2","APP","Step 35",00:04:02,00:04:32,30
"P07","jar2","APP","Step 36",00:04:32,00:04:39,7
"P07","jar2","APP","Step 37",00:04:39,00:04:55,16
"P07","jar2","APP","Step 38",00:04:55,00:05:08,13
"P07","jar2","APP","Step 39",00:05:08,00:05:21,13
"P07","jar2","APP","Step 40",00:05:21,00:05:37,16
"P07","jar2","APP","Step 41",00:05:37,00:06:26,49
"P07","jar2","APP","Step 42",00:06:26,00:06:36,10
"P07","jar2","APP","Step 43",00:06:36,00:06:45,9
"P07","jar2","APP","Step 44",00:06:45,00:06:54,9
"P07","jar2","APP","Step 45",00:06:54,00:07:55,61
"P07","jar2","APP","Step 46",00:07:55,00:08:36,41
"P07","jar2","APP","Step 47",00:08:36,00:08:49,13
"P07","jar2","APP","Step 48",00:08:49,00:09:20,31
"P07","jar2","APP","Step 49",00:09:20,00:10:12,52
"P07","jar2","APP","Step 50",00:10:12,00:10:36,24
"P07","jar2","APP","Step 51",00:10:36,00:10:52,16
"P07","jar2","APP","Step 52",00:10:52,00:11:02,10
"P07","jar2","APP","Step 53",00:11:02,00:11:18,16
"P07","jar2","APP","Step 54",00:11:18,00:11:32,14
"P07","jar2","APP","Step 55",00:11:32,00:11:48,16
"P07","jar2","APP","Step 56",00:11:48,00:12:03,15
"P07","jar2","APP","Step 57",00:12:03,00:12:18,15
"P07","jar2","APP","Step 58",00:12:18,00:12:54,36
"P08","jar1","APP","Step 0A",00:00:13,00:02:59,166
"P08","jar1","APP","Step 1",00:02:59,00:03:03,4
"P08","jar1","APP","Step 2",00:03:03,00:03:30,27
"P08","jar1","APP","Step 3",00:03:30,00:03:43,13
"P08","jar1","APP","Step 4",00:03:43,00:04:23,40
"P08","jar1","APP","Step 5",00:04:23,00:04:49,26
"P08","jar1","APP","Step 6",00:04:49,00:05:02,13
"P08","jar1","APP","Step 7",00:05:02,00:05:16,14
"P08","jar1","APP","Step 8",00:05:16,00:05:26,10
"P08","jar1","APP","Step 9",00:05:26,00:05:48,22
"P08","jar1","APP","Step 10",00:05:48,00:06:12,24
"P08","jar1","APP","Step 11",00:06:12,00:06:26,14
"P08","jar1","APP","Step 12",00:06:26,00:06:34,8
"P08","jar1","APP","Step 13",00:06:34,00:06:53,19
"P08","jar1","APP","Step 14",00:06:53,00:07:21,28
"P08","jar1","APP","Step 15",00:07:21,00:08:05,44
"P08","jar1","APP","Step 16",00:08:05,00:08:12,7
"P08","jar1","APP","Step 17",00:08:12,00:08:26,14
"P08","jar1","APP","Step 18",00:08:26,00:08:53,27
"P08","jar1","APP","Step 19",00:08:53,00:09:06,13
"P08","jar1","APP","Step 20",00:09:06,00:09:17,11
"P08","jar1","APP","Step 21",00:09:17,00:09:37,20
"P08","jar1","APP","Step 22",00:09:37,00:11:03,86
"P08","jar1","APP","Step 23",00:11:03,00:11:54,51
"P08","jar1","APP","Step 24",00:11:54,00:12:22,28
"P08","jar1","APP","Step 25",00:12:22,00:13:24,62
"P08","jar1","APP","Step 26",00:13:24,00:13:38,14
"P08","jar1","APP","Step 27",00:13:38,00:14:34,56
"P08","jar1","APP","Step 28",00:14:34,00:15:17,43
"P08","jar1","APP","Step 29",00:15:17,00:15:34,17
"P08","jar2","BOOKLET","Step 0B",00:00:24,00:03:19,175
"P08","jar2","BOOKLET","Step 30",00:03:20,00:03:56,36
"P08","jar2","BOOKLET","Step 31",00:03:56,00:05:11,75
"P08","jar2","BOOKLET","Step 32",00:05:12,00:05:23,11
"P08","jar2","BOOKLET","Step 33",00:05:23,00:06:12,49
"P08","jar2","BOOKLET","Step 34",00:06:13,00:06:45,32
"P08","jar2","BOOKLET","Step 35",00:06:45,00:07:20,35
"P08","jar2","BOOKLET","Step 36",00:07:23,00:07:30,7
"P08","jar2","BOOKLET","Step 37",00:07:30,00:07:41,11
"P08","jar2","BOOKLET","Step 38",00:07:41,00:07:54,13
"P08","jar2","BOOKLET","Step 39",00:07:54,00:08:10,16
"P08","jar2","BOOKLET","Step 40",00:08:12,00:08:24,12
"P08","jar2","BOOKLET","Step 41",00:08:24,00:09:32,68
"P08","jar2","BOOKLET","Step 42",00:09:34,00:09:41,7
"P08","jar2","BOOKLET","Step 43",00:09:52,00:10:01,9
"P08","jar2","BOOKLET","Step 44",00:10:01,00:10:18,17
"P08","jar2","BOOKLET","Step 45",00:10:24,00:11:16,52
"P08","jar2","BOOKLET","Step 46",00:11:16,00:11:47,31
"P08","jar2","BOOKLET","Step 47",00:11:48,00:12:02,14
"P08","jar2","BOOKLET","Step 48",00:12:02,00:12:38,36
"P08","jar2","BOOKLET","Step 49",00:12:38,00:13:49,71
"P08","jar2","BOOKLET","Step 50",00:13:49,00:14:54,65
"P08","jar2","BOOKLET","Step 51",00:14:56,00:15:18,22
"P08","jar2","BOOKLET","Step 52",00:15:18,00:15:39,21
"P08","jar2","BOOKLET","Step 53",00:15:39,00:16:01,22
"P08","jar2","BOOKLET","Step 54",00:16:01,00:16:19,18
"P08","jar2","BOOKLET","Step 55",00:16:20,00:16:33,13
"P08","jar2","BOOKLET","Step 56",00:16:33,00:17:02,29
"P08","jar2","BOOKLET","Step 57",00:17:02,00:17:17,15
"P08","jar2","BOOKLET","Step 58",00:17:19,00:17:35,16
"P09","jar1","BOOKLET","Step 0B",00:00:10,00:00:32,22
"P09","jar1","BOOKLET","Step 1",00:00:32,00:00:35,3
"P09","jar1","BOOKLET","Step 2",00:00:35,00:01:19,44
"P09","jar1","BOOKLET","Step 3",00:01:19,00:01:32,13
"P09","jar1","BOOKLET","Step 4",00:01:32,00:02:12,40
"P09","jar1","BOOKLET","Step 5",00:03:16,00:04:54,98
"P09","jar1","BOOKLET","Step 6",00:04:54,00:05:54,60
"P09","jar1","BOOKLET","Step 7",00:05:54,00:07:05,71
"P09","jar1","BOOKLET","Step 8",00:07:05,00:07:22,17
"P09","jar1","BOOKLET","Step 9",00:08:26,00:09:11,45
"P09","jar1","BOOKLET","Step 10",00:09:11,00:09:31,20
"P09","jar1","BOOKLET","Step 11",00:09:31,00:09:47,16
"P09","jar1","BOOKLET","Step 13",00:09:48,00:10:00,12
"P09","jar1","BOOKLET","Step 12",00:10:00,00:10:07,7
"P09","jar1","BOOKLET","Step 14",00:10:07,00:10:53,46
"P09","jar1","BOOKLET","Step 15",00:10:53,00:11:37,44
"P09","jar1","BOOKLET","Step 16",00:11:39,00:11:49,10
"P09","jar1","BOOKLET","Step 17",00:11:49,00:12:19,30
"P09","jar1","BOOKLET","Step 18",00:12:19,00:12:51,32
"P09","jar1","BOOKLET","Step 19",00:12:57,00:13:13,16
"P09","jar1","BOOKLET","Step 20",00:13:13,00:13:20,7
"P09","jar1","BOOKLET","Step 21",00:13:20,00:14:03,43
"P09","jar1","BOOKLET","Step 22",00:14:04,00:15:30,86
"P09","jar1","BOOKLET","Step 23",00:15:30,00:16:23,53
"P09","jar1","BOOKLET","Step 24",00:16:25,00:16:53,28
"P09","jar1","BOOKLET","Step 25",00:16:53,00:17:24,31
"P09","jar1","BOOKLET","Step 26",00:17:24,00:17:59,35
"P09","jar1","BOOKLET","Step 27",00:18:02,00:18:54,52
"P09","jar1","BOOKLET","Step 28",00:18:54,00:20:09,75
"P09","jar1","BOOKLET","Step 29",00:20:10,00:20:23,13
"P09","jar2","APP","Step 0A",00:00:12,00:00:30,18
"P09","jar2","APP","Step 30",00:00:30,00:02:16,106
"P09","jar2","APP","Step 31",00:02:16,00:02:53,37
"P09","jar2","APP","Step 32",00:02:53,00:03:09,16
"P09","jar2","APP","Step 33",00:03:09,00:04:07,58
"P09","jar2","APP","Step 34",00:04:07,00:04:40,33
"P09","jar2","APP","Step 35",00:04:40,00:05:08,28
"P09","jar2","APP","Step 36",00:05:08,00:05:16,8
"P09","jar2","APP","Step 37",00:05:16,00:05:41,25
"P09","jar2","APP","Step 38",00:05:41,00:05:50,9
"P09","jar2","APP","Step 39",00:05:50,00:06:06,16
"P09","jar2","APP","Step 40",00:06:06,00:06:20,14
"P09","jar2","APP","Step 41",00:06:20,00:07:40,80
"P09","jar2","APP","Step 42",00:07:40,00:07:49,9
"P09","jar2","APP","Step 43",00:07:49,00:08:05,16
"P09","jar2","APP","Step 44",00:08:05,00:08:20,15
"P09","jar2","APP","Step 45",00:08:21,00:09:28,67
"P09","jar2","APP","Step 46",00:09:28,00:10:09,41
"P09","jar2","APP","Step 47",00:10:09,00:10:25,16
"P09","jar2","APP","Step 48",00:10:25,00:11:00,35
"P09","jar2","APP","Step 49",00:11:00,00:11:23,23
"P09","jar2","APP","Step 51",00:11:23,00:11:42,19
"P09","jar2","APP","Step 49",00:11:42,00:11:58,16
"P09","jar2","APP","Step 50",00:11:58,00:12:20,22
"P09","jar2","APP","Step 51",00:12:20,00:12:23,3
"P09","jar2","APP","Step 52",00:12:23,00:13:06,43
"P09","jar2","APP","Step 53",00:13:06,00:13:33,27
"P09","jar2","APP","Step 54",00:13:33,00:14:02,29
"P09","jar2","APP","Step 55",00:14:02,00:14:17,15
"P09","jar2","APP","Step 56",00:14:17,00:14:41,24
"P09","jar2","APP","Step 57",00:14:41,00:15:02,21
"P09","jar2","APP","Step 58",00:15:02,00:15:20,18
"P10","jar1","BOOKLET","Step 0B",00:00:12,00:00:51,39
"P10","jar1","BOOKLET","Step 1",00:00:51,00:00:53,2
"P10","jar1","BOOKLET","Step 2",00:00:53,00:01:10,17
"P10","jar1","BOOKLET","Step 3",00:01:10,00:01:24,14
"P10","jar1","BOOKLET","Step 4",00:01:24,00:01:51,27
"P10","jar1","BOOKLET","Step 5",00:01:53,00:02:15,22
"P10","jar1","BOOKLET","Step 6",00:02:15,00:02:28,13
"P10","jar1","BOOKLET","Step 7",00:02:28,00:02:39,11
"P10","jar1","BOOKLET","Step 8",00:02:39,00:02:50,11
"P10","jar1","BOOKLET","Step 9",00:02:52,00:03:07,15
"P10","jar1","BOOKLET","Step 10",00:03:07,00:03:29,22
"P10","jar1","BOOKLET","Step 11",00:03:29,00:03:51,22
"P10","jar1","BOOKLET","Step 12",00:03:53,00:04:02,9
"P10","jar1","BOOKLET","Step 13",00:04:02,00:04:18,16
"P10","jar1","BOOKLET","Step 14",00:04:18,00:05:00,42
"P10","jar1","BOOKLET","Step 15",00:05:00,00:05:50,50
"P10","jar1","BOOKLET","Step 16",00:05:51,00:05:59,8
"P10","jar1","BOOKLET","Step 17",00:05:59,00:06:15,16
"P10","jar1","BOOKLET","Step 18",00:06:15,00:06:35,20
"P10","jar1","BOOKLET","Step 19",00:06:36,00:06:46,10
"P10","jar1","BOOKLET","Step 20",00:06:46,00:06:54,8
"P10","jar1","BOOKLET","Step 21",00:06:54,00:08:07,73
"P10","jar1","BOOKLET","Step 22",00:08:08,00:10:28,140
"P10","jar1","BOOKLET","Step 21",00:10:28,00:10:53,25
"P10","jar1","BOOKLET","Step 23",00:10:53,00:11:41,48
"P10","jar1","BOOKLET","Step 24",00:11:41,00:12:21,40
"P10","jar1","BOOKLET","Step 25",00:12:21,00:12:38,17
"P10","jar1","BOOKLET","Step 26",00:12:38,00:13:02,24
"P10","jar1","BOOKLET","Step 27",00:13:03,00:13:58,55
"P10","jar1","BOOKLET","Step 28",00:13:58,00:14:26,28
"P10","jar1","BOOKLET","Step 29",00:14:27,00:14:30,3
"P10","jar1","BOOKLET","Step 28",00:14:30,00:14:42,12
"P10","jar1","BOOKLET","Step 29",00:14:43,00:14:51,8
"P10","jar2","APP","Step 0A",00:00:12,00:00:27,15
"P10","jar2","APP","Step 30",00:00:27,00:01:04,37
"P10","jar2","APP","Step 31",00:01:04,00:01:36,32
"P10","jar2","APP","Step 32",00:01:36,00:02:04,28
"P10","jar2","APP","Step 33",00:02:04,00:02:58,54
"P10","jar2","APP","Step 34",00:02:58,00:04:16,78
"P10","jar2","APP","Step 35",00:04:16,00:04:43,27
"P10","jar2","APP","Step 36",00:04:43,00:04:49,6
"P10","jar2","APP","Step 37",00:04:49,00:05:08,19
"P10","jar2","APP","Step 38",00:05:08,00:05:24,16
"P10","jar2","APP","Step 39",00:05:24,00:05:42,18
"P10","jar2","APP","Step 40",00:05:42,00:05:57,15
"P10","jar2","APP","Step 41",00:05:57,00:07:10,73
"P10","jar2","APP","Step 42",00:07:10,00:07:19,9
"P10","jar2","APP","Step 43",00:07:19,00:07:41,22
"P10","jar2","APP","Step 44",00:07:41,00:08:10,29
"P10","jar2","APP","Step 45",00:08:10,00:10:35,145
"P10","jar2","APP","Step 46",00:10:35,00:13:09,154
"P10","jar2","APP","Step 47",00:13:09,00:13:38,29
"P10","jar2","APP","Step 41",00:13:47,00:14:47,60
"P10","jar2","APP","Step 45",00:15:00,00:15:20,20
"P10","jar2","APP","Step 46",00:15:20,00:19:44,264
"P10","jar2","APP","Step 47",00:19:44,00:19:56,12
"P10","jar2","APP","Step 48",00:19:56,00:20:38,42
"P10","jar2","APP","Step 49",00:20:38,00:21:13,35
"P10","jar2","APP","Step 50",00:21:13,00:21:48,35
"P10","jar2","APP","Step 51",00:21:48,00:22:32,44
"P10","jar2","APP","Step 52",00:22:32,00:22:54,22
"P10","jar2","APP","Step 53",00:22:54,00:23:16,22
"P10","jar2","APP","Step 54",00:23:16,00:23:38,22
"P10","jar2","APP","Step 55",00:23:38,00:23:44,6
"P10","jar2","APP","Step 56",00:23:44,00:24:04,20
"P10","jar2","APP","Step 57",00:24:04,00:24:34,30
"P10","jar2","APP","Step 58",00:24:34,00:24:55,21
"P12","jar1","BOOKLET","Step 0B",00:00:18,00:00:36,18
"P12","jar1","BOOKLET","Step 1",00:00:36,00:00:39,3
"P12","jar1","BOOKLET","Step 0B",00:00:39,00:02:58,139
"P12","jar1","BOOKLET","Step 1",00:02:58,00:03:02,4
"P12","jar1","BOOKLET","Step 2",00:03:02,00:03:32,30
"P12","jar1","BOOKLET","Step 3",00:03:32,00:03:38,6
"P12","jar1","BOOKLET","Step 4",00:03:38,00:04:12,34
"P12","jar1","BOOKLET","Step 5",00:04:17,00:04:50,33
"P12","jar1","BOOKLET","Step 6",00:04:50,00:04:56,6
"P12","jar1","BOOKLET","Step 7",00:04:56,00:05:09,13
"P12","jar1","BOOKLET","Step 8",00:05:09,00:05:15,6
"P12","jar1","BOOKLET","Step 9",00:05:16,00:05:46,30
"P12","jar1","BOOKLET","Step 10",00:05:46,00:06:15,29
"P12","jar1","BOOKLET","Step 11",00:06:15,00:06:32,17
"P12","jar1","BOOKLET","Step 12",00:06:33,00:06:48,15
"P12","jar1","BOOKLET","Step 13",00:06:48,00:07:25,37
"P12","jar1","BOOKLET","Step 14",00:07:25,00:08:06,41
"P12","jar1","BOOKLET","Step 15",00:08:06,00:08:37,31
"P12","jar1","BOOKLET","Step 16",00:08:38,00:08:48,10
"P12","jar1","BOOKLET","Step 17",00:08:48,00:09:00,12
"P12","jar1","BOOKLET","Step 18",00:09:00,00:09:28,28
"P12","jar1","BOOKLET","Step 19",00:09:29,00:09:38,9
"P12","jar1","BOOKLET","Step 20",00:09:38,00:09:48,10
"P12","jar1","BOOKLET","Step 21",00:09:48,00:10:26,38
"P12","jar1","BOOKLET","Step 22",00:10:27,00:11:58,91
"P12","jar1","BOOKLET","Step 22",00:12:12,00:12:46,34
"P12","jar1","BOOKLET","Step 23",00:12:46,00:13:54,68
"P12","jar1","BOOKLET","Step 24",00:13:55,00:14:25,30
"P12","jar1","BOOKLET","Step 25",00:14:25,00:14:25,0
"P12","jar1","BOOKLET","Step 26",00:14:25,00:14:44,19
"P12","jar1","BOOKLET","Step 27",00:14:46,00:15:23,37
"P12","jar1","BOOKLET","Step 28",00:15:23,00:15:51,28
"P12","jar1","BOOKLET","Step 29",00:15:54,00:16:03,9
"P12","jar1","BOOKLET","Flipping/Tapping Through Fast",00:16:03,00:17:19,76
"P12","jar1","BOOKLET","Step 29",00:17:19,00:17:27,8
"P12","jar2","APP","Step 0A",00:00:16,00:04:16,240
"P12","jar2","APP","Step 30",00:04:18,00:04:51,33
"P12","jar2","APP","Step 31",00:04:51,00:05:29,38
"P12","jar2","APP","Step 32",00:05:29,00:05:39,10
"P12","jar2","APP","Step 33",00:05:39,00:06:37,58
"P12","jar2","APP","Step 34",00:06:37,00:07:05,28
"P12","jar2","APP","Step 35",00:07:05,00:07:31,26
"P12","jar2","APP","Step 36",00:07:31,00:07:39,8
"P12","jar2","APP","Step 37",00:07:39,00:07:52,13
"P12","jar2","APP","Step 38",00:07:52,00:08:09,17
"P12","jar2","APP","Step 39",00:08:09,00:08:33,24
"P12","jar2","APP","Step 40",00:08:33,00:08:48,15
"P12","jar2","APP","Step 41",00:08:48,00:09:46,58
"P12","jar2","APP","Step 42",00:09:46,00:09:54,8
"P12","jar2","APP","Step 43",00:09:54,00:10:05,11
"P12","jar2","APP","Step 44",00:10:05,00:10:19,14
"P12","jar2","APP","Step 45",00:10:19,00:11:15,56
"P12","jar2","APP","Step 46",00:11:15,00:12:05,50
"P12","jar2","APP","Step 47",00:12:05,00:12:14,9
"P12","jar2","APP","Step 48",00:12:14,00:12:39,25
"P12","jar2","APP","Step 49",00:12:39,00:13:34,55
"P12","jar2","APP","Step 50",00:13:34,00:13:56,22
"P12","jar2","APP","Step 51",00:13:56,00:14:40,44
"P12","jar2","APP","Step 52",00:14:40,00:14:42,2
"P12","jar2","APP","Step 53",00:14:42,00:15:07,25
"P12","jar2","APP","Step 54",00:15:07,00:15:27,20
"P12","jar2","APP","Step 55",00:15:27,00:15:39,12
"P12","jar2","APP","Step 56",00:15:39,00:16:20,41
"P12","jar2","APP","Step 57",00:16:20,00:16:36,16
"P12","jar2","APP","Step 58",00:16:36,00:16:43,7
"P13","jar1","APP","Step 0A",00:00:22,00:00:51,29
"P13","jar1","APP","Step 1",00:00:51,00:00:52,1
"P13","jar1","APP","Step 2",00:00:52,00:01:13,21
"P13","jar1","APP","Step 3",00:01:13,00:01:20,7
"P13","jar1","APP","Step 4",00:01:20,00:01:33,13
"P13","jar1","APP","Step 5",00:01:34,00:02:01,27
"P13","jar1","APP","Step 6",00:02:01,00:02:09,8
"P13","jar1","APP","Step 7",00:02:09,00:02:18,9
"P13","jar1","APP","Step 8",00:02:18,00:02:22,4
"P13","jar1","APP","Step 9",00:02:22,00:02:45,23
"P13","jar1","APP","Step 10",00:02:45,00:02:56,11
"P13","jar1","APP","Step 11",00:02:56,00:03:04,8
"P13","jar1","APP","Step 12",00:03:04,00:03:11,7
"P13","jar1","APP","Step 13",00:03:11,00:03:21,10
"P13","jar1","APP","Step 14",00:03:21,00:03:39,18
"P13","jar1","APP","Step 15",00:03:39,00:03:47,8
"P13","jar1","APP","Step 15",00:03:49,00:03:56,7
"P13","jar1","APP","Step 15",00:03:59,00:04:36,37
"P13","jar1","APP","Step 15",00:04:38,00:04:51,13
"P13","jar1","APP","Step 16",00:04:51,00:04:58,7
"P13","jar1","APP","Step 17",00:04:58,00:05:05,7
"P13","jar1","APP","Step 18",00:05:05,00:05:29,24
"P13","jar1","APP","Step 19",00:05:29,00:05:35,6
"P13","jar1","APP","Step 20",00:05:35,00:05:40,5
"P13","jar1","APP","Step 21",00:05:40,00:05:52,12
"P13","jar1","APP","Step 22",00:05:52,00:06:51,59
"P13","jar1","APP","Step 23",00:06:51,00:07:23,32
"P13","jar1","APP","Step 24",00:07:23,00:07:42,19
"P13","jar1","APP","Step 24",00:07:44,00:08:03,19
"P13","jar1","APP","Step 25",00:08:03,00:08:14,11
"P13","jar1","APP","Step 26",00:08:14,00:08:21,7
"P13","jar1","APP","Step 27",00:08:21,00:09:24,63
"P13","jar1","APP","Step 28",00:09:24,00:09:45,21
"P13","jar1","APP","Step 29",00:09:45,00:09:57,12
"P13","jar2","BOOKLET","Step 0B",00:00:16,00:00:29,13
"P13","jar2","BOOKLET","Step 30",00:00:29,00:00:49,20
"P13","jar2","BOOKLET","Step 31",00:00:49,00:01:00,11
"P13","jar2","BOOKLET","Step 32",00:01:02,00:01:07,5
"P13","jar2","BOOKLET","Step 31",00:01:08,00:03:15,127
"P13","jar2","BOOKLET","Step 32",00:03:16,00:03:23,7
"P13","jar2","BOOKLET","Step 33",00:03:23,00:04:01,38
"P13","jar2","BOOKLET","Step 34",00:04:02,00:04:39,37
"P13","jar2","BOOKLET","Step 35",00:04:39,00:04:55,16
"P13","jar2","BOOKLET","Step 36",00:04:56,00:05:01,5
"P13","jar2","BOOKLET","Step 37",00:05:01,00:05:15,14
"P13","jar2","BOOKLET","Step 38",00:05:15,00:05:20,5
"P13","jar2","BOOKLET","Step 39",00:05:20,00:05:31,11
"P13","jar2","BOOKLET","Step 40",00:05:31,00:05:42,11
"P13","jar2","BOOKLET","Step 41",00:05:42,00:06:16,34
"P13","jar2","BOOKLET","Step 42",00:06:17,00:06:25,8
"P13","jar2","BOOKLET","Step 43",00:06:25,00:06:30,5
"P13","jar2","BOOKLET","Step 44",00:06:30,00:06:45,15
"P13","jar2","BOOKLET","Step 45",00:06:45,00:07:25,40
"P13","jar2","BOOKLET","Step 46",00:07:25,00:08:23,58
"P13","jar2","BOOKLET","Step 47",00:08:24,00:08:50,26
"P13","jar2","BOOKLET","Step 45",00:08:52,00:09:48,56
"P13","jar2","BOOKLET","Flipping/Tapping Through Fast",00:09:48,00:10:41,53
"P13","jar2","BOOKLET","Step 46",00:10:41,00:11:17,36
"P13","jar2","BOOKLET","Step 47",00:11:18,00:11:27,9
"P13","jar2","BOOKLET","Step 48",00:11:27,00:12:13,46
"P13","jar2","BOOKLET","Step 49",00:12:13,00:12:37,24
"P13","jar2","BOOKLET","Step 50",00:12:37,00:13:00,23
"P13","jar2","BOOKLET","Step 51",00:13:01,00:13:24,23
"P13","jar2","BOOKLET","Step 52",00:13:24,00:13:50,26
"P13","jar2","BOOKLET","Step 53",00:13:50,00:14:16,26
"P13","jar2","BOOKLET","Step 54",00:14:16,00:15:00,44
"P13","jar2","BOOKLET","Step 55",00:15:01,00:15:12,11
"P13","jar2","BOOKLET","Step 56",00:15:12,00:15:32,20
"P13","jar2","BOOKLET","Step 57",00:15:32,00:16:04,32
"P13","jar2","BOOKLET","Step 58",00:16:05,00:16:17,12
"P14","jar1","APP","Step 0A",00:00:38,00:02:03,85
"P14","jar1","APP","Step 1",00:02:03,00:02:06,3
"P14","jar1","APP","Step 2",00:02:06,00:02:36,30
"P14","jar1","APP","Step 3",00:02:36,00:02:40,4
"P14","jar1","APP","Step 4",00:02:40,00:02:53,13
"P14","jar1","APP","Step 5",00:02:53,00:03:04,11
"P14","jar1","APP","Step 6",00:03:04,00:03:11,7
"P14","jar1","APP","Step 7",00:03:11,00:03:18,7
"P14","jar1","APP","Step 8",00:03:18,00:03:23,5
"P14","jar1","APP","Step 9",00:03:23,00:03:37,14
"P14","jar1","APP","Step 10",00:03:37,00:03:46,9
"P14","jar1","APP","Step 11",00:03:46,00:04:01,15
"P14","jar1","APP","Step 12",00:04:01,00:04:06,5
"P14","jar1","APP","Step 13",00:04:06,00:04:29,23
"P14","jar1","APP","Step 12",00:04:29,00:04:30,1
"P14","jar1","APP","Step 11",00:04:30,00:04:31,1
"P14","jar1","APP","Step 12",00:04:31,00:04:33,2
"P14","jar1","APP","Step 11",00:04:33,00:04:34,1
"P14","jar1","APP","Step 12",00:04:34,00:04:36,2
"P14","jar1","APP","Step 13",00:04:36,00:04:41,5
"P14","jar1","APP","Step 14",00:04:41,00:05:05,24
"P14","jar1","APP","Step 13",00:05:05,00:05:06,1
"P14","jar1","APP","Step 14",00:05:06,00:05:13,7
"P14","jar1","APP","Step 15",00:05:13,00:05:58,45
"P14","jar1","APP","Step 16",00:05:58,00:06:02,4
"P14","jar1","APP","Step 18",00:06:21,00:06:41,20
"P14","jar1","APP","Step 19",00:06:41,00:06:49,8
"P14","jar1","APP","Step 20",00:06:49,00:06:55,6
"P14","jar1","APP","Step 19",00:06:55,00:06:58,3
"P14","jar1","APP","Step 18",00:06:58,00:07:02,4
"P14","jar1","APP","Step 17",00:07:02,00:07:02,0
"P14","jar1","APP","Step 16",00:07:02,00:07:04,2
"P14","jar1","APP","Step 15",00:07:04,00:07:08,4
"P14","jar1","APP","Step 14",00:07:08,00:07:09,1
"P14","jar1","APP","Step 13",00:07:09,00:07:09,0
"P14","jar1","APP","Step 12",00:07:09,00:07:09,0
"P14","jar1","APP","Step 11",00:07:09,00:07:10,1
"P14","jar1","APP","Step 10",00:07:10,00:07:10,0
"P14","jar1","APP","Step 9",00:07:10,00:07:10,0
"P14","jar1","APP","Step 8",00:07:10,00:07:11,1
"P14","jar1","APP","Step 7",00:07:11,00:07:11,0
"P14","jar1","APP","Step 6",00:07:11,00:07:14,3
"P14","jar1","APP","Step 7",00:07:14,00:07:16,2
"P14","jar1","APP","Step 8",00:07:16,00:07:30,14
"P14","jar1","APP","Flipping/Tapping Through Fast",00:07:30,00:07:38,8
"P14","jar1","APP","Step 21",00:07:38,00:07:52,14
"P14","jar1","APP","Step 22",00:07:52,00:08:37,45
"P14","jar1","APP","Step 23",00:08:37,00:08:54,17
"P14","jar1","APP","Step 23",00:09:13,00:09:34,21
"P14","jar1","APP","Step 23",00:09:35,00:10:00,25
"P14","jar1","APP","Step 24",00:10:00,00:10:11,11
"P14","jar1","APP","Step 24",00:10:12,00:10:26,14
"P14","jar1","APP","Step 25",00:10:26,00:10:43,17
"P14","jar1","APP","Step 26",00:10:43,00:10:58,15
"P14","jar1","APP","Step 26",00:10:59,00:11:04,5
"P14","jar1","APP","Step 27",00:11:04,00:11:43,39
"P14","jar1","APP","Step 28",00:11:43,00:12:12,29
"P14","jar1","APP","Step 29",00:12:12,00:12:22,10
"P14","jar2","BOOKLET","Step 0B",00:00:16,00:01:37,81
"P14","jar2","BOOKLET","Step 30",00:01:37,00:01:55,18
"P14","jar2","BOOKLET","Step 31",00:01:55,00:02:18,23
"P14","jar2","BOOKLET","Step 33",00:02:19,00:02:28,9
"P14","jar2","BOOKLET","Step 31",00:02:28,00:02:36,8
"P14","jar2","BOOKLET","Step 33",00:02:36,00:02:47,11
"P14","jar2","BOOKLET","Step 31",00:02:47,00:02:53,6
"P14","jar2","BOOKLET","Step 32",00:02:54,00:03:02,8
"P14","jar2","BOOKLET","Step 33",00:03:02,00:03:30,28
"P14","jar2","BOOKLET","Step 34",00:03:31,00:03:59,28
"P14","jar2","BOOKLET","Step 35",00:03:59,00:04:12,13
"P14","jar2","BOOKLET","Step 36",00:04:13,00:04:15,2
"P14","jar2","BOOKLET","Step 35",00:04:15,00:04:24,9
"P14","jar2","BOOKLET","Step 36",00:04:25,00:04:34,9
"P14","jar2","BOOKLET","Step 37",00:04:34,00:04:40,6
"P14","jar2","BOOKLET","Step 38",00:04:40,00:04:48,8
"P14","jar2","BOOKLET","Step 39",00:04:48,00:04:55,7
"P14","jar2","BOOKLET","Step 40",00:04:56,00:05:02,6
"P14","jar2","BOOKLET","Step 41",00:05:02,00:06:16,74
"P14","jar2","BOOKLET","Step 42",00:06:17,00:06:25,8
"P14","jar2","BOOKLET","Step 43",00:06:25,00:06:29,4
"P14","jar2","BOOKLET","Step 44",00:06:29,00:06:34,5
"P14","jar2","BOOKLET","Step 45",00:06:35,00:06:38,3
"P14","jar2","BOOKLET","Step 45",00:06:41,00:07:08,27
"P14","jar2","BOOKLET","Step 46",00:07:08,00:07:38,30
"P14","jar2","BOOKLET","Step 47",00:07:39,00:07:47,8
"P14","jar2","BOOKLET","Step 48",00:07:47,00:08:14,27
"P14","jar2","BOOKLET","Flipping/Tapping Through Fast",00:08:14,00:08:22,8
"P14","jar2","BOOKLET","Step 40",00:08:22,00:08:27,5
"P14","jar2","BOOKLET","Step 48",00:08:27,00:08:37,10
"P14","jar2","BOOKLET","Step 49",00:08:37,00:09:22,45
"P14","jar2","BOOKLET","Step 50",00:09:22,00:10:01,39
"P14","jar2","BOOKLET","Step 51",00:10:03,00:10:05,2
"P14","jar2","BOOKLET","Step 52",00:10:05,00:10:07,2
"P14","jar2","BOOKLET","Step 53",00:10:07,00:10:18,11
"P14","jar2","BOOKLET","Step 54",00:10:18,00:10:33,15
"P14","jar2","BOOKLET","Step 55",00:10:34,00:10:45,11
"P14","jar2","BOOKLET","Step 56",00:10:45,00:11:16,31
"P14","jar2","BOOKLET","Step 58",00:11:16,00:11:21,5
"P14","jar2","BOOKLET","Step 57",00:11:21,00:11:34,13
"P14","jar2","BOOKLET","Step 58",00:11:35,00:11:49,14
"P15","jar1","BOOKLET","Step 0B",00:00:36,00:00:55,19
"P15","jar1","BOOKLET","Step 1",00:00:55,00:00:59,4
"P15","jar1","BOOKLET","Step 2",00:00:59,00:01:18,19
"P15","jar1","BOOKLET","Step 3",00:01:18,00:01:25,7
"P15","jar1","BOOKLET","Step 4",00:01:25,00:02:10,45
"P15","jar1","BOOKLET","Step 5",00:02:11,00:02:13,2
"P15","jar1","BOOKLET","Step 5",00:02:23,00:02:39,16
"P15","jar1","BOOKLET","Step 6",00:02:40,00:02:46,6
"P15","jar1","BOOKLET","Step 7",00:02:46,00:02:57,11
"P15","jar1","BOOKLET","Step 8",00:02:57,00:03:00,3
"P15","jar1","BOOKLET","Step 9",00:03:02,00:03:09,7
"P15","jar1","BOOKLET","Step 9",00:03:18,00:03:30,12
"P15","jar1","BOOKLET","Step 10",00:03:30,00:03:48,18
"P15","jar1","BOOKLET","Step 11",00:03:48,00:03:58,10
"P15","jar1","BOOKLET","Step 12",00:03:58,00:04:04,6
"P15","jar1","BOOKLET","Step 13",00:04:04,00:04:10,6
"P15","jar1","BOOKLET","Step 14",00:04:10,00:04:46,36
"P15","jar1","BOOKLET","Step 15",00:04:46,00:05:12,26
"P15","jar1","BOOKLET","Step 16",00:05:15,00:05:20,5
"P15","jar1","BOOKLET","Step 17",00:05:20,00:05:28,8
"P15","jar1","BOOKLET","Step 18",00:05:28,00:05:41,13
"P15","jar1","BOOKLET","Step 19",00:05:44,00:05:52,8
"P15","jar1","BOOKLET","Step 20",00:05:52,00:05:58,6
"P15","jar1","BOOKLET","Step 21",00:05:58,00:06:17,19
"P15","jar1","BOOKLET","Step 22",00:06:18,00:06:24,6
"P15","jar1","BOOKLET","Step 22",00:06:36,00:07:24,48
"P15","jar1","BOOKLET","Step 23",00:07:24,00:07:50,26
"P15","jar1","BOOKLET","Step 24",00:07:52,00:08:19,27
"P15","jar1","BOOKLET","Step 25",00:08:19,00:08:38,19
"P15","jar1","BOOKLET","Step 26",00:08:38,00:08:55,17
"P15","jar1","BOOKLET","Step 27",00:08:56,00:09:23,27
"P15","jar1","BOOKLET","Step 28",00:09:24,00:09:30,6
"P15","jar1","BOOKLET","Step 28",00:09:45,00:10:01,16
"P15","jar1","BOOKLET","Step 29",00:10:03,00:10:21,18
"P15","jar2","APP","Step 0A",00:00:16,00:01:20,64
"P15","jar2","APP","Step 30",00:01:20,00:02:22,62
"P15","jar2","APP","Step 31",00:02:22,00:02:41,19
"P15","jar2","APP","Step 32",00:02:41,00:02:51,10
"P15","jar2","APP","Step 33",00:02:51,00:03:24,33
"P15","jar2","APP","Step 34",00:03:24,00:03:57,33
"P15","jar2","APP","Step 35",00:03:57,00:04:38,41
"P15","jar2","APP","Step 36",00:04:38,00:04:43,5
"P15","jar2","APP","Step 37",00:04:43,00:04:52,9
"P15","jar2","APP","Step 38",00:04:52,00:04:57,5
"P15","jar2","APP","Step 39",00:04:57,00:05:08,11
"P15","jar2","APP","Step 40",00:05:08,00:05:31,23
"P15","jar2","APP","Step 41",00:05:31,00:06:04,33
"P15","jar2","APP","Step 42",00:06:04,00:06:08,4
"P15","jar2","APP","Step 43",00:06:08,00:06:17,9
"P15","jar2","APP","Step 44",00:06:17,00:06:29,12
"P15","jar2","APP","Step 45",00:06:29,00:06:54,25
"P15","jar2","APP","Step 45",00:07:22,00:07:41,19
"P15","jar2","APP","Step 46",00:07:41,00:08:23,42
"P15","jar2","APP","Step 47",00:08:23,00:08:33,10
"P15","jar2","APP","Step 48",00:08:33,00:08:47,14
"P15","jar2","APP","Step 49",00:08:47,00:09:05,18
"P15","jar2","APP","Step 50",00:09:28,00:09:44,16
"P15","jar2","APP","Step 50",00:10:37,00:10:51,14
"P15","jar2","APP","Step 51",00:10:51,00:11:09,18
"P15","jar2","APP","Step 52",00:11:09,00:11:29,20
"P15","jar2","APP","Step 53",00:11:29,00:11:50,21
"P15","jar2","APP","Step 54",00:11:50,00:12:02,12
"P15","jar2","APP","Step 55",00:12:02,00:12:23,21
"P15","jar2","APP","Step 56",00:12:23,00:12:39,16
"P15","jar2","APP","Step 57",00:12:39,00:12:58,19
"P15","jar2","APP","Step 58",00:12:58,00:13:07,9
"P16","jar1","APP","Step 0A",00:00:26,00:00:36,10
"P16","jar1","APP","Step 1",00:00:36,00:00:38,2
"P16","jar1","APP","Step 2",00:00:38,00:01:04,26
"P16","jar1","APP","Step 3",00:01:04,00:01:10,6
"P16","jar1","APP","Step 4",00:01:10,00:01:25,15
"P16","jar1","APP","Step 5",00:01:25,00:01:45,20
"P16","jar1","APP","Step 6",00:01:45,00:01:49,4
"P16","jar1","APP","Step 7",00:01:49,00:01:58,9
"P16","jar1","APP","Step 8",00:01:58,00:02:03,5
"P16","jar1","APP","Step 9",00:02:03,00:02:21,18
"P16","jar1","APP","Step 10",00:02:21,00:02:27,6
"P16","jar1","APP","Step 11",00:02:27,00:02:38,11
"P16","jar1","APP","Step 12",00:02:38,00:02:41,3
"P16","jar1","APP","Step 13",00:02:41,00:02:49,8
"P16","jar1","APP","Step 14",00:02:49,00:03:03,14
"P16","jar1","APP","Step 15",00:03:03,00:03:50,47
"P16","jar1","APP","Step 16",00:03:50,00:03:55,5
"P16","jar1","APP","Step 17",00:03:55,00:04:00,5
"P16","jar1","APP","Step 18",00:04:00,00:04:16,16
"P16","jar1","APP","Step 19",00:04:16,00:04:21,5
"P16","jar1","APP","Step 20",00:04:21,00:04:23,2
"P16","jar1","APP","Step 21",00:04:23,00:04:35,12
"P16","jar1","APP","Step 22",00:04:35,00:05:27,52
"P16","jar1","APP","Step 23",00:05:27,00:05:48,21
"P16","jar1","APP","Step 24",00:05:48,00:06:07,19
"P16","jar1","APP","Step 25",00:06:07,00:06:19,12
"P16","jar1","APP","Step 26",00:06:19,00:06:30,11
"P16","jar1","APP","Step 27",00:06:30,00:06:48,18
"P16","jar1","APP","Step 26",00:06:48,00:06:51,3
"P16","jar1","APP","Step 27",00:07:08,00:07:11,3
"P16","jar1","APP","Step 27",00:07:13,00:07:34,21
"P16","jar1","APP","Step 28",00:07:34,00:08:06,32
"P16","jar1","APP","Step 27",00:08:06,00:08:14,8
"P16","jar1","APP","Step 25",00:08:14,00:08:21,7
"P16","jar1","APP","Step 27",00:08:23,00:08:43,20
"P16","jar1","APP","Step 29",00:08:45,00:08:59,14
"P16","jar2","BOOKLET","Step 0B",00:01:22,00:01:30,8
"P16","jar2","BOOKLET","Step 30",00:01:31,00:02:01,30
"P16","jar2","BOOKLET","Step 31",00:02:01,00:02:46,45
"P16","jar2","BOOKLET","Step 32",00:02:47,00:03:00,13
"P16","jar2","BOOKLET","Step 33",00:03:00,00:03:27,27
"P16","jar2","BOOKLET","Step 34",00:03:28,00:03:46,18
"P16","jar2","BOOKLET","Step 35",00:03:46,00:04:06,20
"P16","jar2","BOOKLET","Step 36",00:04:07,00:04:13,6
"P16","jar2","BOOKLET","Step 37",00:04:13,00:04:16,3
"P16","jar2","BOOKLET","Step 38",00:04:16,00:04:23,7
"P16","jar2","BOOKLET","Step 39",00:04:23,00:04:27,4
"P16","jar2","BOOKLET","Step 40",00:04:27,00:04:47,20
"P16","jar2","BOOKLET","Step 41",00:04:47,00:05:20,33
"P16","jar2","BOOKLET","Step 42",00:05:24,00:05:29,5
"P16","jar2","BOOKLET","Step 43",00:05:29,00:05:34,5
"P16","jar2","BOOKLET","Step 44",00:05:34,00:05:42,8
"P16","jar2","BOOKLET","Step 45",00:05:43,00:06:18,35
"P16","jar2","BOOKLET","Step 46",00:06:18,00:06:43,25
"P16","jar2","BOOKLET","Step 47",00:06:44,00:06:55,11
"P16","jar2","BOOKLET","Step 48",00:06:55,00:07:37,42
"P16","jar2","BOOKLET","Step 49",00:07:37,00:08:16,39
"P16","jar2","BOOKLET","Step 50",00:08:16,00:08:32,16
"P16","jar2","BOOKLET","Step 51",00:08:33,00:08:56,23
"P16","jar2","BOOKLET","Step 52",00:08:56,00:09:08,12
"P16","jar2","BOOKLET","Step 53",00:09:08,00:09:24,16
"P16","jar2","BOOKLET","Step 54",00:09:24,00:10:11,47
"P16","jar2","BOOKLET","Step 55",00:10:12,00:10:19,7
"P16","jar2","BOOKLET","Step 56",00:10:19,00:10:31,12
"P16","jar2","BOOKLET","Step 57",00:10:31,00:10:47,16
"P16","jar2","BOOKLET","Step 58",00:10:48,00:10:54,6
"P17","jar1","APP","Step 0A",00:00:27,00:00:37,10
"P17","jar1","APP","Step 1",00:00:37,00:00:45,8
"P17","jar1","APP","Step 2",00:00:45,00:01:34,49
"P17","jar1","APP","Step 3",00:01:34,00:02:26,52
"P17","jar1","APP","Step 4",00:02:26,00:02:55,29
"P17","jar1","APP","Step 5",00:02:55,00:03:32,37
"P17","jar1","APP","Step 6",00:03:32,00:03:52,20
"P17","jar1","APP","Step 7",00:03:52,00:04:16,24
"P17","jar1","APP","Step 8",00:04:16,00:04:33,17
"P17","jar1","APP","Step 9",00:04:33,00:05:12,39
"P17","jar1","APP","Step 10",00:05:12,00:05:40,28
"P17","jar1","APP","Step 11",00:05:40,00:06:08,28
"P17","jar1","APP","Step 12",00:06:08,00:06:23,15
"P17","jar1","APP","Step 13",00:06:23,00:07:08,45
"P17","jar1","APP","Step 14",00:07:08,00:07:57,49
"P17","jar1","APP","Step 15",00:07:57,00:09:38,101
"P17","jar1","APP","Step 16",00:09:38,00:09:47,9
"P17","jar1","APP","Step 17",00:09:47,00:10:14,27
"P17","jar1","APP","Step 18",00:10:14,00:10:51,37
"P17","jar1","APP","Step 19",00:10:51,00:11:20,29
"P17","jar1","APP","Step 20",00:11:20,00:11:29,9
"P17","jar1","APP","Step 21",00:11:29,00:12:23,54
"P17","jar1","APP","Step 22",00:12:23,00:14:13,110
"P17","jar1","APP","Step 23",00:14:13,00:15:38,85
"P17","jar1","APP","Step 24",00:15:38,00:16:07,29
"P17","jar1","APP","Step 25",00:16:07,00:16:35,28
"P17","jar1","APP","Step 26",00:16:35,00:17:06,31
"P17","jar1","APP","Step 27",00:17:06,00:19:18,132
"P17","jar1","APP","Step 28",00:19:18,00:19:49,31
"P17","jar1","APP","Step 27",00:19:49,00:20:22,33
"P17","jar1","APP","Step 28",00:20:22,00:21:38,76
"P17","jar1","APP","Step 29",00:21:38,00:21:54,16
"P17","jar2","BOOKLET","Step 0B",00:00:16,00:00:32,16
"P17","jar2","BOOKLET","Step 30",00:00:32,00:01:39,67
"P17","jar2","BOOKLET","Step 31",00:01:39,00:03:28,109
"P17","jar2","BOOKLET","Step 32",00:03:31,00:04:26,55
"P17","jar2","BOOKLET","Step 33",00:04:26,00:05:56,90
"P17","jar2","BOOKLET","Step 34",00:05:57,00:06:43,46
"P17","jar2","BOOKLET","Step 35",00:06:43,00:11:03,260
"P17","jar2","BOOKLET","Step 36",00:11:04,00:11:10,6
"P17","jar2","BOOKLET","Step 35",00:11:11,00:11:13,2
"P17","jar2","BOOKLET","Step 36",00:11:14,00:11:28,14
"P17","jar2","BOOKLET","Step 37",00:11:28,00:11:51,23
"P17","jar2","BOOKLET","Step 38",00:11:51,00:12:18,27
"P17","jar2","BOOKLET","Step 39",00:12:18,00:13:02,44
"P17","jar2","BOOKLET","Step 40",00:13:03,00:13:40,37
"P17","jar2","BOOKLET","Step 41",00:13:40,00:16:32,172
"P17","jar2","BOOKLET","Step 42",00:16:34,00:16:47,13
"P17","jar2","BOOKLET","Step 43",00:16:47,00:16:56,9
"P17","jar2","BOOKLET","Step 44",00:16:56,00:17:14,18
"P17","jar2","BOOKLET","Step 45",00:17:15,00:18:44,89
"P17","jar2","BOOKLET","Step 46",00:18:44,00:20:02,78
"P17","jar2","BOOKLET","Step 47",00:20:04,00:20:32,28
"P17","jar2","BOOKLET","Step 48",00:20:32,00:21:02,30
"P17","jar2","BOOKLET","Step 49",00:21:02,00:22:01,59
"P17","jar2","BOOKLET","Step 50",00:22:01,00:23:07,66
"P17","jar2","BOOKLET","Step 51",00:23:11,00:23:37,26
"P17","jar2","BOOKLET","Step 52",00:23:37,00:23:49,12
"P17","jar2","BOOKLET","Step 53",00:23:49,00:24:16,27
"P17","jar2","BOOKLET","Step 54",00:24:16,00:25:00,44
"P17","jar2","BOOKLET","Step 55",00:25:02,00:25:19,17
"P17","jar2","BOOKLET","Step 56",00:25:19,00:25:56,37
"P17","jar2","BOOKLET","Step 57",00:25:56,00:26:31,35
"P17","jar2","BOOKLET","Step 58",00:26:32,00:27:04,32
"P17","jar2","BOOKLET","Step 35",00:28:07,00:28:24,17
"P17","jar2","BOOKLET","Flipping/Tapping Through Fast",00:28:31,00:28:39,8
"P17","jar2","BOOKLET","Step 50",00:28:39,00:29:00,21
