"PID","JAR","FORMAT","STEP","START","END","DURATION","ORDER","complexity_score","complexity_category"
"P01","jar1","BOOKLET","Step 1",00:02:03,00:02:05,2,"BOOK_FIRST",2,"low"
"P01","jar1","BOOKLET","Step 0B",00:02:05,00:02:20,15,"BOOK_FIRST",NA,NA
"P01","jar1","BOOKLET","Step 2",00:02:20,00:02:55,35,"BOOK_FIRST",5,"medium"
"P01","jar1","BOOKLET","Step 3",00:02:55,00:03:03,8,"BOOK_FIRST",2,"low"
"P01","jar1","BOOKLET","Step 4",00:03:03,00:03:22,19,"BOOK_FIRST",5,"medium"
"P01","jar1","BOOKLET","Step 5",00:03:24,00:03:49,25,"BOOK_FIRST",5,"medium"
"P01","jar1","BOOKLET","Step 6",00:03:49,00:03:58,9,"BOOK_FIRST",2,"low"
"P01","jar1","BOOKLET","Step 7",00:03:58,00:04:04,6,"BOOK_FIRST",3,"low"
"P01","jar1","BOOKLET","Step 8",00:04:04,00:04:40,36,"BOOK_FIRST",2,"low"
"P01","jar1","BOOKLET","Step 9",00:04:42,00:04:57,15,"BOOK_FIRST",4,"low"
"P01","jar1","BOOKLET","Step 7",00:05:00,00:05:19,19,"BOOK_FIRST",3,"low"
"P01","jar1","BOOKLET","Step 9",00:05:20,00:05:54,34,"BOOK_FIRST",4,"low"
"P01","jar1","BOOKLET","Step 10",00:05:54,00:06:12,18,"BOOK_FIRST",5,"medium"
"P01","jar1","BOOKLET","Step 11",00:06:12,00:06:20,8,"BOOK_FIRST",3,"low"
"P01","jar1","BOOKLET","Step 12",00:06:22,00:06:29,7,"BOOK_FIRST",2,"low"
"P01","jar1","BOOKLET","Step 13",00:06:29,00:06:42,13,"BOOK_FIRST",3,"low"
"P01","jar1","BOOKLET","Step 14",00:06:42,00:07:07,25,"BOOK_FIRST",5,"medium"
"P01","jar1","BOOKLET","Step 15",00:07:07,00:07:49,42,"BOOK_FIRST",7,"medium"
"P01","jar1","BOOKLET","Step 16",00:07:51,00:07:58,7,"BOOK_FIRST",2,"low"
"P01","jar1","BOOKLET","Step 17",00:07:58,00:08:14,16,"BOOK_FIRST",6,"medium"
"P01","jar1","BOOKLET","Step 18",00:08:14,00:08:29,15,"BOOK_FIRST",5,"medium"
"P01","jar1","BOOKLET","Step 19",00:08:31,00:08:38,7,"BOOK_FIRST",6,"medium"
"P01","jar1","BOOKLET","Step 20",00:08:38,00:08:43,5,"BOOK_FIRST",2,"low"
"P01","jar1","BOOKLET","Step 21",00:08:43,00:09:07,24,"BOOK_FIRST",6,"medium"
"P01","jar1","BOOKLET","Step 22",00:09:08,00:10:10,62,"BOOK_FIRST",16,"high"
"P01","jar1","BOOKLET","Step 23",00:10:10,00:11:11,61,"BOOK_FIRST",6,"medium"
"P01","jar1","BOOKLET","Step 24",00:11:12,00:11:27,15,"BOOK_FIRST",3,"low"
"P01","jar1","BOOKLET","Step 25",00:11:27,00:11:45,18,"BOOK_FIRST",3,"low"
"P01","jar1","BOOKLET","Step 26",00:11:45,00:12:02,17,"BOOK_FIRST",3,"low"
"P01","jar1","BOOKLET","Step 27",00:12:03,00:12:40,37,"BOOK_FIRST",9,"high"
"P01","jar1","BOOKLET","Step 28",00:12:40,00:13:23,43,"BOOK_FIRST",6,"medium"
"P01","jar1","BOOKLET","Step 29",00:13:26,00:13:40,14,"BOOK_FIRST",4,"low"
"P01","jar2","APP","Step 0A",00:00:05,00:00:27,22,"BOOK_FIRST",NA,NA
"P01","jar2","APP","Step 30",00:00:28,00:00:53,25,"BOOK_FIRST",8,"medium"
"P01","jar2","APP","Step 31",00:00:54,00:02:12,78,"BOOK_FIRST",6,"medium"
"P01","jar2","APP","Step 32",00:02:14,00:02:24,10,"BOOK_FIRST",2,"low"
"P01","jar2","APP","Step 33",00:02:26,00:03:05,39,"BOOK_FIRST",10,"high"
"P01","jar2","APP","Step 34",00:03:06,00:03:44,38,"BOOK_FIRST",8,"medium"
"P01","jar2","APP","Step 35",00:03:45,00:04:14,29,"BOOK_FIRST",7,"medium"
"P01","jar2","APP","Step 36",00:04:15,00:04:23,8,"BOOK_FIRST",4,"low"
"P01","jar2","APP","Step 37",00:04:24,00:04:38,14,"BOOK_FIRST",3,"low"
"P01","jar2","APP","Step 38",00:04:39,00:04:47,8,"BOOK_FIRST",2,"low"
"P01","jar2","APP","Step 39",00:04:47,00:05:05,18,"BOOK_FIRST",5,"medium"
"P01","jar2","APP","Step 40",00:05:07,00:05:24,17,"BOOK_FIRST",3,"low"
"P01","jar2","APP","Step 41",00:05:26,00:07:34,128,"BOOK_FIRST",12,"high"
"P01","jar2","APP","Step 42",00:07:34,00:07:59,25,"BOOK_FIRST",2,"low"
"P01","jar2","APP","Step 43",00:08:02,00:08:18,16,"BOOK_FIRST",2,"low"
"P01","jar2","APP","Step 44",00:08:18,00:08:35,17,"BOOK_FIRST",3,"low"
"P01","jar2","APP","Step 45",00:08:35,00:10:05,90,"BOOK_FIRST",10,"high"
"P01","jar2","APP","Step 46",00:10:05,00:10:55,50,"BOOK_FIRST",5,"medium"
"P01","jar2","APP","Step 47",00:10:56,00:11:06,10,"BOOK_FIRST",3,"low"
"P01","jar2","APP","Step 48",00:11:06,00:11:26,20,"BOOK_FIRST",5,"medium"
"P01","jar2","APP","Step 49",00:11:26,00:12:07,41,"BOOK_FIRST",6,"medium"
"P01","jar2","APP","Step 50",00:12:07,00:13:39,92,"BOOK_FIRST",4,"low"
"P01","jar2","APP","Step 49",00:13:39,00:13:41,2,"BOOK_FIRST",6,"medium"
"P01","jar2","APP","Step 48",00:13:41,00:13:49,8,"BOOK_FIRST",5,"medium"
"P01","jar2","APP","Step 47",00:13:49,00:16:06,137,"BOOK_FIRST",3,"low"
"P01","jar2","APP","Step 46",00:16:06,00:16:15,9,"BOOK_FIRST",5,"medium"
"P01","jar2","APP","Step 45",00:16:15,00:16:38,23,"BOOK_FIRST",10,"high"
"P01","jar2","APP","Step 44",00:16:38,00:17:14,36,"BOOK_FIRST",3,"low"
"P01","jar2","APP","Step 45",00:17:14,00:18:54,100,"BOOK_FIRST",10,"high"
"P01","jar2","APP","Step 46",00:18:54,00:19:22,28,"BOOK_FIRST",5,"medium"
"P01","jar2","APP","Step 47",00:19:22,00:19:25,3,"BOOK_FIRST",3,"low"
"P01","jar2","APP","Step 48",00:19:25,00:20:05,40,"BOOK_FIRST",5,"medium"
"P01","jar2","APP","Step 49",00:20:05,00:20:55,50,"BOOK_FIRST",6,"medium"
"P01","jar2","APP","Step 50",00:21:38,00:21:49,11,"BOOK_FIRST",4,"low"
"P01","jar2","APP","Step 51",00:21:51,00:21:56,5,"BOOK_FIRST",8,"medium"
"P01","jar2","APP","Step 52",00:21:56,00:22:01,5,"BOOK_FIRST",4,"low"
"P01","jar2","APP","Step 53",00:22:01,00:22:28,27,"BOOK_FIRST",5,"medium"
"P01","jar2","APP","Step 52",00:22:28,00:22:49,21,"BOOK_FIRST",4,"low"
"P01","jar2","APP","Step 53",00:22:50,00:22:52,2,"BOOK_FIRST",5,"medium"
"P01","jar2","APP","Step 54",00:22:52,00:23:15,23,"BOOK_FIRST",4,"low"
"P01","jar2","APP","Step 55",00:23:15,00:23:27,12,"BOOK_FIRST",3,"low"
"P01","jar2","APP","Step 56",00:23:28,00:23:53,25,"BOOK_FIRST",6,"medium"
"P01","jar2","APP","Step 57",00:23:55,00:24:10,15,"BOOK_FIRST",3,"low"
"P01","jar2","APP","Step 58",00:24:11,00:24:17,6,"BOOK_FIRST",3,"low"
"P02","jar1","BOOKLET","Step 0B",00:01:58,00:02:30,32,"BOOK_FIRST",NA,NA
"P02","jar1","BOOKLET","Step 1",00:02:30,00:02:33,3,"BOOK_FIRST",2,"low"
"P02","jar1","BOOKLET","Step 2",00:02:33,00:03:05,32,"BOOK_FIRST",5,"medium"
"P02","jar1","BOOKLET","Step 3",00:03:05,00:03:20,15,"BOOK_FIRST",2,"low"
"P02","jar1","BOOKLET","Step 4",00:03:20,00:03:48,28,"BOOK_FIRST",5,"medium"
"P02","jar1","BOOKLET","Step 5",00:03:48,00:04:15,27,"BOOK_FIRST",5,"medium"
"P02","jar1","BOOKLET","Step 6",00:04:15,00:04:22,7,"BOOK_FIRST",2,"low"
"P02","jar1","BOOKLET","Step 7",00:04:22,00:04:32,10,"BOOK_FIRST",3,"low"
"P02","jar1","BOOKLET","Step 8",00:04:32,00:04:58,26,"BOOK_FIRST",2,"low"
"P02","jar1","BOOKLET","Step 9",00:04:59,00:05:19,20,"BOOK_FIRST",4,"low"
"P02","jar1","BOOKLET","Step 10",00:05:19,00:05:35,16,"BOOK_FIRST",5,"medium"
"P02","jar1","BOOKLET","Step 11",00:05:35,00:05:48,13,"BOOK_FIRST",3,"low"
"P02","jar1","BOOKLET","Step 12",00:05:49,00:05:56,7,"BOOK_FIRST",2,"low"
"P02","jar1","BOOKLET","Step 13",00:05:56,00:06:12,16,"BOOK_FIRST",3,"low"
"P02","jar1","BOOKLET","Step 14",00:06:12,00:06:27,15,"BOOK_FIRST",5,"medium"
"P02","jar1","BOOKLET","Step 13",00:06:27,00:06:42,15,"BOOK_FIRST",3,"low"
"P02","jar1","BOOKLET","Step 14",00:06:42,00:08:05,83,"BOOK_FIRST",5,"medium"
"P02","jar1","BOOKLET","Step 15",00:08:05,00:08:23,18,"BOOK_FIRST",7,"medium"
"P02","jar1","BOOKLET","Step 13",00:08:23,00:08:35,12,"BOOK_FIRST",3,"low"
"P02","jar1","BOOKLET","Step 15",00:08:35,00:09:04,29,"BOOK_FIRST",7,"medium"
"P02","jar1","BOOKLET","Step 16",00:09:05,00:09:12,7,"BOOK_FIRST",2,"low"
"P02","jar1","BOOKLET","Step 17",00:09:12,00:09:28,16,"BOOK_FIRST",6,"medium"
"P02","jar1","BOOKLET","Step 18",00:09:28,00:09:55,27,"BOOK_FIRST",5,"medium"
"P02","jar1","BOOKLET","Step 19",00:09:56,00:10:04,8,"BOOK_FIRST",6,"medium"
"P02","jar1","BOOKLET","Step 20",00:10:04,00:10:12,8,"BOOK_FIRST",2,"low"
"P02","jar1","BOOKLET","Step 21",00:10:12,00:10:47,35,"BOOK_FIRST",6,"medium"
"P02","jar1","BOOKLET","Step 22",00:10:47,00:12:05,78,"BOOK_FIRST",16,"high"
"P02","jar1","BOOKLET","Step 23",00:12:05,00:12:55,50,"BOOK_FIRST",6,"medium"
"P02","jar1","BOOKLET","Step 24",00:12:56,00:13:30,34,"BOOK_FIRST",3,"low"
"P02","jar1","BOOKLET","Step 25",00:13:30,00:13:48,18,"BOOK_FIRST",3,"low"
"P02","jar1","BOOKLET","Step 26",00:13:48,00:14:11,23,"BOOK_FIRST",3,"low"
"P02","jar1","BOOKLET","Step 27",00:14:12,00:14:57,45,"BOOK_FIRST",9,"high"
"P02","jar1","BOOKLET","Step 28",00:14:57,00:15:41,44,"BOOK_FIRST",6,"medium"
"P02","jar1","BOOKLET","Step 29",00:15:43,00:15:58,15,"BOOK_FIRST",4,"low"
"P02","jar2","APP","Step 0A",00:00:13,00:00:43,30,"BOOK_FIRST",NA,NA
"P02","jar2","APP","Step 30",00:00:43,00:01:24,41,"BOOK_FIRST",8,"medium"
"P02","jar2","APP","Step 31",00:01:24,00:02:18,54,"BOOK_FIRST",6,"medium"
"P02","jar2","APP","Step 32",00:02:18,00:02:39,21,"BOOK_FIRST",2,"low"
"P02","jar2","APP","Step 33",00:02:39,00:03:51,72,"BOOK_FIRST",10,"high"
"P02","jar2","APP","Step 34",00:03:51,00:04:28,37,"BOOK_FIRST",8,"medium"
"P02","jar2","APP","Step 35",00:04:28,00:05:09,41,"BOOK_FIRST",7,"medium"
"P02","jar2","APP","Step 36",00:05:09,00:05:18,9,"BOOK_FIRST",4,"low"
"P02","jar2","APP","Step 37",00:05:18,00:05:49,31,"BOOK_FIRST",3,"low"
"P02","jar2","APP","Step 38",00:05:49,00:06:09,20,"BOOK_FIRST",2,"low"
"P02","jar2","APP","Step 39",00:06:09,00:06:24,15,"BOOK_FIRST",5,"medium"
"P02","jar2","APP","Step 39",00:07:15,00:07:32,17,"BOOK_FIRST",5,"medium"
"P02","jar2","APP","Step 40",00:07:32,00:07:49,17,"BOOK_FIRST",3,"low"
"P02","jar2","APP","Step 41",00:07:49,00:08:58,69,"BOOK_FIRST",12,"high"
"P02","jar2","APP","Step 42",00:08:58,00:09:11,13,"BOOK_FIRST",2,"low"
"P02","jar2","APP","Step 43",00:09:11,00:09:24,13,"BOOK_FIRST",2,"low"
"P02","jar2","APP","Step 44",00:09:24,00:09:41,17,"BOOK_FIRST",3,"low"
"P02","jar2","APP","Step 45",00:09:41,00:10:49,68,"BOOK_FIRST",10,"high"
"P02","jar2","APP","Step 46",00:10:49,00:11:34,45,"BOOK_FIRST",5,"medium"
"P02","jar2","APP","Step 47",00:11:34,00:11:49,15,"BOOK_FIRST",3,"low"
"P02","jar2","APP","Step 48",00:11:49,00:12:44,55,"BOOK_FIRST",5,"medium"
"P02","jar2","APP","Step 49",00:12:44,00:13:22,38,"BOOK_FIRST",6,"medium"
"P02","jar2","APP","Step 50",00:13:22,00:13:48,26,"BOOK_FIRST",4,"low"
"P02","jar2","APP","Step 51",00:13:48,00:14:28,40,"BOOK_FIRST",8,"medium"
"P02","jar2","APP","Step 52",00:14:28,00:14:49,21,"BOOK_FIRST",4,"low"
"P02","jar2","APP","Step 53",00:14:49,00:15:18,29,"BOOK_FIRST",5,"medium"
"P02","jar2","APP","Step 54",00:15:18,00:15:53,35,"BOOK_FIRST",4,"low"
"P02","jar2","APP","Step 55",00:15:53,00:16:09,16,"BOOK_FIRST",3,"low"
"P02","jar2","APP","Step 56",00:16:09,00:16:38,29,"BOOK_FIRST",6,"medium"
"P02","jar2","APP","Step 57",00:16:38,00:17:10,32,"BOOK_FIRST",3,"low"
"P02","jar2","APP","Step 58",00:17:10,00:17:25,15,"BOOK_FIRST",3,"low"
"P03","jar1","APP","Step 0A",00:00:13,00:00:54,41,"APP_FIRST",NA,NA
"P03","jar1","APP","Step 1",00:00:54,00:00:55,1,"APP_FIRST",2,"low"
"P03","jar1","APP","Step 2",00:00:55,00:01:54,59,"APP_FIRST",5,"medium"
"P03","jar1","APP","Step 3",00:01:54,00:02:07,13,"APP_FIRST",2,"low"
"P03","jar1","APP","Step 4",00:02:07,00:02:41,34,"APP_FIRST",5,"medium"
"P03","jar1","APP","Step 5",00:02:41,00:03:31,50,"APP_FIRST",5,"medium"
"P03","jar1","APP","Step 6",00:03:31,00:03:46,15,"APP_FIRST",2,"low"
"P03","jar1","APP","Step 7",00:03:46,00:04:04,18,"APP_FIRST",3,"low"
"P03","jar1","APP","Step 8",00:04:04,00:04:27,23,"APP_FIRST",2,"low"
"P03","jar1","APP","Step 9",00:04:27,00:05:14,47,"APP_FIRST",4,"low"
"P03","jar1","APP","Step 10",00:05:14,00:05:43,29,"APP_FIRST",5,"medium"
"P03","jar1","APP","Step 11",00:05:43,00:06:03,20,"APP_FIRST",3,"low"
"P03","jar1","APP","Step 12",00:06:03,00:06:12,9,"APP_FIRST",2,"low"
"P03","jar1","APP","Step 13",00:06:12,00:06:31,19,"APP_FIRST",3,"low"
"P03","jar1","APP","Step 14",00:06:31,00:07:31,60,"APP_FIRST",5,"medium"
"P03","jar1","APP","Step 15",00:07:31,00:08:15,44,"APP_FIRST",7,"medium"
"P03","jar1","APP","Step 16",00:08:15,00:08:25,10,"APP_FIRST",2,"low"
"P03","jar1","APP","Step 17",00:08:25,00:08:37,12,"APP_FIRST",6,"medium"
"P03","jar1","APP","Step 16",00:08:37,00:08:38,1,"APP_FIRST",2,"low"
"P03","jar1","APP","Step 17",00:08:38,00:08:57,19,"APP_FIRST",6,"medium"
"P03","jar1","APP","Step 18",00:08:57,00:09:39,42,"APP_FIRST",5,"medium"
"P03","jar1","APP","Step 19",00:09:39,00:09:51,12,"APP_FIRST",6,"medium"
"P03","jar1","APP","Step 20",00:09:51,00:09:59,8,"APP_FIRST",2,"low"
"P03","jar1","APP","Step 21",00:09:59,00:10:33,34,"APP_FIRST",6,"medium"
"P03","jar1","APP","Step 22",00:10:33,00:12:13,100,"APP_FIRST",16,"high"
"P03","jar1","APP","Step 23",00:12:13,00:13:14,61,"APP_FIRST",6,"medium"
"P03","jar1","APP","Step 24",00:13:14,00:13:44,30,"APP_FIRST",3,"low"
"P03","jar1","APP","Step 25",00:13:44,00:14:07,23,"APP_FIRST",3,"low"
"P03","jar1","APP","Step 26",00:14:07,00:14:42,35,"APP_FIRST",3,"low"
"P03","jar1","APP","Step 27",00:14:42,00:15:37,55,"APP_FIRST",9,"high"
"P03","jar1","APP","Step 28",00:15:37,00:15:45,8,"APP_FIRST",6,"medium"
"P03","jar1","APP","Step 28",00:16:16,00:16:41,25,"APP_FIRST",6,"medium"
"P03","jar1","APP","Step 29",00:16:41,00:17:00,19,"APP_FIRST",4,"low"
"P03","jar1","APP","Step 28",00:17:23,00:17:50,27,"APP_FIRST",6,"medium"
"P03","jar1","APP","Step 29",00:17:50,00:18:04,14,"APP_FIRST",4,"low"
"P03","jar2","BOOKLET","Step 0B",00:00:09,00:00:24,15,"APP_FIRST",NA,NA
"P03","jar2","BOOKLET","Step 30",00:00:26,00:01:10,44,"APP_FIRST",8,"medium"
"P03","jar2","BOOKLET","Step 31",00:01:10,00:02:14,64,"APP_FIRST",6,"medium"
"P03","jar2","BOOKLET","Step 32",00:02:15,00:02:42,27,"APP_FIRST",2,"low"
"P03","jar2","BOOKLET","Step 33",00:02:42,00:03:45,63,"APP_FIRST",10,"high"
"P03","jar2","BOOKLET","Step 34",00:03:46,00:04:19,33,"APP_FIRST",8,"medium"
"P03","jar2","BOOKLET","Step 35",00:04:19,00:05:19,60,"APP_FIRST",7,"medium"
"P03","jar2","BOOKLET","Step 34",00:05:19,00:05:38,19,"APP_FIRST",8,"medium"
"P03","jar2","BOOKLET","Step 35",00:05:38,00:05:41,3,"APP_FIRST",7,"medium"
"P03","jar2","BOOKLET","Step 36",00:05:44,00:05:56,12,"APP_FIRST",4,"low"
"P03","jar2","BOOKLET","Step 37",00:05:56,00:06:12,16,"APP_FIRST",3,"low"
"P03","jar2","BOOKLET","Step 38",00:06:12,00:06:22,10,"APP_FIRST",2,"low"
"P03","jar2","BOOKLET","Step 39",00:06:22,00:06:50,28,"APP_FIRST",5,"medium"
"P03","jar2","BOOKLET","Step 40",00:06:52,00:07:09,17,"APP_FIRST",3,"low"
"P03","jar2","BOOKLET","Step 41",00:07:09,00:08:54,105,"APP_FIRST",12,"high"
"P03","jar2","BOOKLET","Step 42",00:08:55,00:09:27,32,"APP_FIRST",2,"low"
"P03","jar2","BOOKLET","Step 43",00:09:27,00:09:39,12,"APP_FIRST",2,"low"
"P03","jar2","BOOKLET","Step 44",00:09:39,00:09:54,15,"APP_FIRST",3,"low"
"P03","jar2","BOOKLET","Step 45",00:09:55,00:11:27,92,"APP_FIRST",10,"high"
"P03","jar2","BOOKLET","Step 46",00:11:27,00:12:17,50,"APP_FIRST",5,"medium"
"P03","jar2","BOOKLET","Step 47",00:12:24,00:12:38,14,"APP_FIRST",3,"low"
"P03","jar2","BOOKLET","Step 48",00:12:38,00:13:30,52,"APP_FIRST",5,"medium"
"P03","jar2","BOOKLET","Step 49",00:13:30,00:15:13,103,"APP_FIRST",6,"medium"
"P03","jar2","BOOKLET","Step 50",00:15:13,00:15:44,31,"APP_FIRST",4,"low"
"P03","jar2","BOOKLET","Step 51",00:15:45,00:16:06,21,"APP_FIRST",8,"medium"
"P03","jar2","BOOKLET","Step 52",00:16:06,00:17:13,67,"APP_FIRST",4,"low"
"P03","jar2","BOOKLET","Step 53",00:17:13,00:17:42,29,"APP_FIRST",5,"medium"
"P03","jar2","BOOKLET","Step 54",00:17:42,00:18:12,30,"APP_FIRST",4,"low"
"P03","jar2","BOOKLET","Step 55",00:18:14,00:18:30,16,"APP_FIRST",3,"low"
"P03","jar2","BOOKLET","Step 56",00:18:30,00:19:27,57,"APP_FIRST",6,"medium"
"P03","jar2","BOOKLET","Step 58",00:19:28,00:19:37,9,"APP_FIRST",3,"low"
"P03","jar2","BOOKLET","Step 57",00:19:37,00:19:48,11,"APP_FIRST",3,"low"
"P03","jar2","BOOKLET","Step 58",00:19:48,00:19:55,7,"APP_FIRST",3,"low"
"P04","jar1","APP","Step 1",00:00:27,00:00:28,1,"APP_FIRST",2,"low"
"P04","jar1","APP","Step 0A",00:00:28,00:01:45,77,"APP_FIRST",NA,NA
"P04","jar1","APP","Step 2",00:01:50,00:02:17,27,"APP_FIRST",5,"medium"
"P04","jar1","APP","Step 3",00:02:17,00:02:29,12,"APP_FIRST",2,"low"
"P04","jar1","APP","Step 4",00:02:29,00:03:04,35,"APP_FIRST",5,"medium"
"P04","jar1","APP","Step 5",00:03:04,00:03:31,27,"APP_FIRST",5,"medium"
"P04","jar1","APP","Step 6",00:03:31,00:03:37,6,"APP_FIRST",2,"low"
"P04","jar1","APP","Step 7",00:03:37,00:03:46,9,"APP_FIRST",3,"low"
"P04","jar1","APP","Step 8",00:03:46,00:03:57,11,"APP_FIRST",2,"low"
"P04","jar1","APP","Step 9",00:03:57,00:04:20,23,"APP_FIRST",4,"low"
"P04","jar1","APP","Step 10",00:04:20,00:04:35,15,"APP_FIRST",5,"medium"
"P04","jar1","APP","Step 11",00:04:35,00:04:55,20,"APP_FIRST",3,"low"
"P04","jar1","APP","Step 12",00:04:55,00:05:07,12,"APP_FIRST",2,"low"
"P04","jar1","APP","Step 13",00:05:07,00:05:19,12,"APP_FIRST",3,"low"
"P04","jar1","APP","Step 14",00:05:19,00:05:46,27,"APP_FIRST",5,"medium"
"P04","jar1","APP","Step 15",00:05:46,00:06:42,56,"APP_FIRST",7,"medium"
"P04","jar1","APP","Step 14",00:06:42,00:07:06,24,"APP_FIRST",5,"medium"
"P04","jar1","APP","Step 15",00:07:06,00:07:27,21,"APP_FIRST",7,"medium"
"P04","jar1","APP","Step 16",00:07:27,00:07:33,6,"APP_FIRST",2,"low"
"P04","jar1","APP","Step 17",00:07:33,00:07:52,19,"APP_FIRST",6,"medium"
"P04","jar1","APP","Step 18",00:07:52,00:08:13,21,"APP_FIRST",5,"medium"
"P04","jar1","APP","Step 19",00:08:13,00:08:23,10,"APP_FIRST",6,"medium"
"P04","jar1","APP","Step 20",00:08:23,00:08:31,8,"APP_FIRST",2,"low"
"P04","jar1","APP","Step 21",00:08:31,00:08:57,26,"APP_FIRST",6,"medium"
"P04","jar1","APP","Step 22",00:08:57,00:09:56,59,"APP_FIRST",16,"high"
"P04","jar1","APP","Step 23",00:09:56,00:10:12,16,"APP_FIRST",6,"medium"
"P04","jar1","APP","Step 22",00:10:12,00:10:15,3,"APP_FIRST",16,"high"
"P04","jar1","APP","Step 23",00:10:15,00:10:59,44,"APP_FIRST",6,"medium"
"P04","jar1","APP","Step 24",00:10:59,00:11:30,31,"APP_FIRST",3,"low"
"P04","jar1","APP","Step 25",00:11:30,00:12:16,46,"APP_FIRST",3,"low"
"P04","jar1","APP","Step 26",00:12:16,00:12:29,13,"APP_FIRST",3,"low"
"P04","jar1","APP","Step 27",00:12:29,00:13:12,43,"APP_FIRST",9,"high"
"P04","jar1","APP","Step 28",00:13:12,00:13:42,30,"APP_FIRST",6,"medium"
"P04","jar1","APP","Step 29",00:13:42,00:13:55,13,"APP_FIRST",4,"low"
"P04","jar1","APP","Step 9",00:14:43,00:14:59,16,"APP_FIRST",4,"low"
"P04","jar2","BOOKLET","Step 0B",00:00:10,00:03:48,218,"APP_FIRST",NA,NA
"P04","jar2","BOOKLET","Step 30",00:03:48,00:04:24,36,"APP_FIRST",8,"medium"
"P04","jar2","BOOKLET","Step 31",00:04:24,00:05:28,64,"APP_FIRST",6,"medium"
"P04","jar2","BOOKLET","Step 32",00:05:29,00:05:48,19,"APP_FIRST",2,"low"
"P04","jar2","BOOKLET","Step 33",00:05:48,00:06:33,45,"APP_FIRST",10,"high"
"P04","jar2","BOOKLET","Step 34",00:06:34,00:06:59,25,"APP_FIRST",8,"medium"
"P04","jar2","BOOKLET","Step 35",00:06:59,00:07:25,26,"APP_FIRST",7,"medium"
"P04","jar2","BOOKLET","Step 40",00:07:27,00:07:40,13,"APP_FIRST",3,"low"
"P04","jar2","BOOKLET","Step 36",00:07:40,00:07:51,11,"APP_FIRST",4,"low"
"P04","jar2","BOOKLET","Step 37",00:07:51,00:08:14,23,"APP_FIRST",3,"low"
"P04","jar2","BOOKLET","Step 38",00:08:14,00:08:24,10,"APP_FIRST",2,"low"
"P04","jar2","BOOKLET","Step 39",00:08:24,00:08:45,21,"APP_FIRST",5,"medium"
"P04","jar2","BOOKLET","Step 40",00:08:45,00:09:09,24,"APP_FIRST",3,"low"
"P04","jar2","BOOKLET","Step 41",00:09:09,00:10:07,58,"APP_FIRST",12,"high"
"P04","jar2","BOOKLET","Step 42",00:10:11,00:10:21,10,"APP_FIRST",2,"low"
"P04","jar2","BOOKLET","Step 43",00:10:21,00:10:31,10,"APP_FIRST",2,"low"
"P04","jar2","BOOKLET","Step 44",00:10:31,00:10:44,13,"APP_FIRST",3,"low"
"P04","jar2","BOOKLET","Step 45",00:10:49,00:11:50,61,"APP_FIRST",10,"high"
"P04","jar2","BOOKLET","Step 46",00:11:50,00:13:04,74,"APP_FIRST",5,"medium"
"P04","jar2","BOOKLET","Step 47",00:13:05,00:13:18,13,"APP_FIRST",3,"low"
"P04","jar2","BOOKLET","Step 48",00:13:18,00:13:50,32,"APP_FIRST",5,"medium"
"P04","jar2","BOOKLET","Step 49",00:13:50,00:14:31,41,"APP_FIRST",6,"medium"
"P04","jar2","BOOKLET","Step 50",00:14:31,00:14:51,20,"APP_FIRST",4,"low"
"P04","jar2","BOOKLET","Step 47",00:14:51,00:15:41,50,"APP_FIRST",3,"low"
"P04","jar2","BOOKLET","Step 51",00:15:42,00:15:42,0,"APP_FIRST",8,"medium"
"P04","jar2","BOOKLET","Step 45",00:15:45,00:15:49,4,"APP_FIRST",10,"high"
"P04","jar2","BOOKLET","Step 46",00:15:49,00:15:51,2,"APP_FIRST",5,"medium"
"P04","jar2","BOOKLET","Step 49",00:15:52,00:15:54,2,"APP_FIRST",6,"medium"
"P04","jar2","BOOKLET","Step 48",00:15:54,00:16:15,21,"APP_FIRST",5,"medium"
"P04","jar2","BOOKLET","Step 46",00:16:16,00:17:18,62,"APP_FIRST",5,"medium"
"P04","jar2","BOOKLET","Step 41",00:18:03,00:18:23,20,"APP_FIRST",12,"high"
"P04","jar2","BOOKLET","Step 41",00:18:38,00:19:22,44,"APP_FIRST",12,"high"
"P04","jar2","BOOKLET","Step 36",00:19:22,00:19:31,9,"APP_FIRST",4,"low"
"P04","jar2","BOOKLET","Step 37",00:19:31,00:19:43,12,"APP_FIRST",3,"low"
"P04","jar2","BOOKLET","Step 38",00:19:43,00:19:52,9,"APP_FIRST",2,"low"
"P04","jar2","BOOKLET","Step 39",00:19:52,00:20:06,14,"APP_FIRST",5,"medium"
"P04","jar2","BOOKLET","Step 40",00:20:07,00:20:13,6,"APP_FIRST",3,"low"
"P04","jar2","BOOKLET","Step 41",00:20:13,00:22:11,118,"APP_FIRST",12,"high"
"P04","jar2","BOOKLET","Step 42",00:22:13,00:22:21,8,"APP_FIRST",2,"low"
"P04","jar2","BOOKLET","Step 43",00:22:21,00:22:31,10,"APP_FIRST",2,"low"
"P04","jar2","BOOKLET","Step 44",00:22:31,00:22:42,11,"APP_FIRST",3,"low"
"P04","jar2","BOOKLET","Step 45",00:22:43,00:23:23,40,"APP_FIRST",10,"high"
"P04","jar2","BOOKLET","Step 46",00:23:23,00:23:50,27,"APP_FIRST",5,"medium"
"P04","jar2","BOOKLET","Step 47",00:23:51,00:23:58,7,"APP_FIRST",3,"low"
"P04","jar2","BOOKLET","Step 48",00:23:58,00:24:33,35,"APP_FIRST",5,"medium"
"P04","jar2","BOOKLET","Step 49",00:24:33,00:25:28,55,"APP_FIRST",6,"medium"
"P04","jar2","BOOKLET","Step 50",00:25:28,00:26:08,40,"APP_FIRST",4,"low"
"P04","jar2","BOOKLET","Step 51",00:26:09,00:26:33,24,"APP_FIRST",8,"medium"
"P04","jar2","BOOKLET","Step 52",00:26:33,00:26:47,14,"APP_FIRST",4,"low"
"P04","jar2","BOOKLET","Step 53",00:26:47,00:27:14,27,"APP_FIRST",5,"medium"
"P04","jar2","BOOKLET","Step 54",00:27:14,00:27:33,19,"APP_FIRST",4,"low"
"P04","jar2","BOOKLET","Step 55",00:27:35,00:27:44,9,"APP_FIRST",3,"low"
"P04","jar2","BOOKLET","Step 56",00:27:44,00:28:06,22,"APP_FIRST",6,"medium"
"P04","jar2","BOOKLET","Step 57",00:28:06,00:28:21,15,"APP_FIRST",3,"low"
"P04","jar2","BOOKLET","Step 58",00:28:22,00:28:33,11,"APP_FIRST",3,"low"
"P05","jar1","BOOKLET","Step 0B",00:00:19,00:00:41,22,"BOOK_FIRST",NA,NA
"P05","jar1","BOOKLET","Step 1",00:00:41,00:00:44,3,"BOOK_FIRST",2,"low"
"P05","jar1","BOOKLET","Step 2",00:00:44,00:02:52,128,"BOOK_FIRST",5,"medium"
"P05","jar1","BOOKLET","Step 3",00:02:52,00:03:07,15,"BOOK_FIRST",2,"low"
"P05","jar1","BOOKLET","Step 4",00:03:07,00:03:50,43,"BOOK_FIRST",5,"medium"
"P05","jar1","BOOKLET","Step 5",00:03:51,00:04:21,30,"BOOK_FIRST",5,"medium"
"P05","jar1","BOOKLET","Step 6",00:04:21,00:04:31,10,"BOOK_FIRST",2,"low"
"P05","jar1","BOOKLET","Step 7",00:04:31,00:04:47,16,"BOOK_FIRST",3,"low"
"P05","jar1","BOOKLET","Step 8",00:04:47,00:04:58,11,"BOOK_FIRST",2,"low"
"P05","jar1","BOOKLET","Step 9",00:05:00,00:05:34,34,"BOOK_FIRST",4,"low"
"P05","jar1","BOOKLET","Step 10",00:05:34,00:05:52,18,"BOOK_FIRST",5,"medium"
"P05","jar1","BOOKLET","Step 11",00:05:52,00:06:08,16,"BOOK_FIRST",3,"low"
"P05","jar1","BOOKLET","Step 12",00:06:09,00:06:29,20,"BOOK_FIRST",2,"low"
"P05","jar1","BOOKLET","Step 13",00:06:29,00:07:03,34,"BOOK_FIRST",3,"low"
"P05","jar1","BOOKLET","Step 14",00:07:03,00:09:42,159,"BOOK_FIRST",5,"medium"
"P05","jar1","BOOKLET","Step 15",00:09:42,00:11:09,87,"BOOK_FIRST",7,"medium"
"P05","jar1","BOOKLET","Step 16",00:11:10,00:11:24,14,"BOOK_FIRST",2,"low"
"P05","jar1","BOOKLET","Step 17",00:11:24,00:11:46,22,"BOOK_FIRST",6,"medium"
"P05","jar1","BOOKLET","Step 18",00:11:46,00:12:09,23,"BOOK_FIRST",5,"medium"
"P05","jar1","BOOKLET","Step 19",00:12:10,00:12:26,16,"BOOK_FIRST",6,"medium"
"P05","jar1","BOOKLET","Step 20",00:12:26,00:12:33,7,"BOOK_FIRST",2,"low"
"P05","jar1","BOOKLET","Step 21",00:12:33,00:13:31,58,"BOOK_FIRST",6,"medium"
"P05","jar1","BOOKLET","Step 22",00:13:32,00:15:32,120,"BOOK_FIRST",16,"high"
"P05","jar1","BOOKLET","Step 23",00:15:33,00:16:57,84,"BOOK_FIRST",6,"medium"
"P05","jar1","BOOKLET","Step 24",00:16:58,00:17:27,29,"BOOK_FIRST",3,"low"
"P05","jar1","BOOKLET","Step 25",00:17:27,00:17:46,19,"BOOK_FIRST",3,"low"
"P05","jar1","BOOKLET","Step 26",00:17:46,00:18:09,23,"BOOK_FIRST",3,"low"
"P05","jar1","BOOKLET","Step 27",00:18:10,00:19:09,59,"BOOK_FIRST",9,"high"
"P05","jar1","BOOKLET","Step 28",00:19:09,00:20:10,61,"BOOK_FIRST",6,"medium"
"P05","jar1","BOOKLET","Step 29",00:20:11,00:20:37,26,"BOOK_FIRST",4,"low"
"P05","jar2","APP","Step 0A",00:00:15,00:00:35,20,"BOOK_FIRST",NA,NA
"P05","jar2","APP","Step 30",00:00:35,00:01:29,54,"BOOK_FIRST",8,"medium"
"P05","jar2","APP","Step 31",00:01:29,00:02:17,48,"BOOK_FIRST",6,"medium"
"P05","jar2","APP","Step 32",00:02:17,00:02:35,18,"BOOK_FIRST",2,"low"
"P05","jar2","APP","Step 33",00:02:35,00:03:27,52,"BOOK_FIRST",10,"high"
"P05","jar2","APP","Step 34",00:03:27,00:04:18,51,"BOOK_FIRST",8,"medium"
"P05","jar2","APP","Step 35",00:04:18,00:04:57,39,"BOOK_FIRST",7,"medium"
"P05","jar2","APP","Step 36",00:04:57,00:05:04,7,"BOOK_FIRST",4,"low"
"P05","jar2","APP","Step 37",00:05:04,00:05:21,17,"BOOK_FIRST",3,"low"
"P05","jar2","APP","Step 38",00:05:21,00:05:30,9,"BOOK_FIRST",2,"low"
"P05","jar2","APP","Step 39",00:05:30,00:05:46,16,"BOOK_FIRST",5,"medium"
"P05","jar2","APP","Step 40",00:05:46,00:06:01,15,"BOOK_FIRST",3,"low"
"P05","jar2","APP","Step 41",00:06:01,00:07:09,68,"BOOK_FIRST",12,"high"
"P05","jar2","APP","Step 42",00:07:09,00:07:16,7,"BOOK_FIRST",2,"low"
"P05","jar2","APP","Step 43",00:07:20,00:07:26,6,"BOOK_FIRST",2,"low"
"P05","jar2","APP","Step 44",00:07:26,00:08:00,34,"BOOK_FIRST",3,"low"
"P05","jar2","APP","Step 45",00:08:00,00:09:15,75,"BOOK_FIRST",10,"high"
"P05","jar2","APP","Step 46",00:09:15,00:09:56,41,"BOOK_FIRST",5,"medium"
"P05","jar2","APP","Step 47",00:09:56,00:10:04,8,"BOOK_FIRST",3,"low"
"P05","jar2","APP","Step 48",00:10:04,00:10:22,18,"BOOK_FIRST",5,"medium"
"P05","jar2","APP","Step 49",00:10:22,00:10:48,26,"BOOK_FIRST",6,"medium"
"P05","jar2","APP","Step 50",00:10:48,00:12:23,95,"BOOK_FIRST",4,"low"
"P05","jar2","APP","Step 51",00:12:23,00:12:46,23,"BOOK_FIRST",8,"medium"
"P05","jar2","APP","Step 52",00:12:46,00:13:08,22,"BOOK_FIRST",4,"low"
"P05","jar2","APP","Step 53",00:13:08,00:14:16,68,"BOOK_FIRST",5,"medium"
"P05","jar2","APP","Step 54",00:14:16,00:14:31,15,"BOOK_FIRST",4,"low"
"P05","jar2","APP","Step 55",00:14:31,00:14:40,9,"BOOK_FIRST",3,"low"
"P05","jar2","APP","Step 56",00:14:40,00:15:01,21,"BOOK_FIRST",6,"medium"
"P05","jar2","APP","Step 57",00:15:01,00:17:09,128,"BOOK_FIRST",3,"low"
"P05","jar2","APP","Step 58",00:15:36,00:17:19,103,"BOOK_FIRST",3,"low"
"P06","jar1","APP","Step 0A",00:00:09,00:00:29,20,"APP_FIRST",NA,NA
"P06","jar1","APP","Step 1",00:00:31,00:00:46,15,"APP_FIRST",2,"low"
"P06","jar1","APP","Step 2",00:00:46,00:01:34,48,"APP_FIRST",5,"medium"
"P06","jar1","APP","Step 3",00:01:34,00:01:54,20,"APP_FIRST",2,"low"
"P06","jar1","APP","Step 4",00:01:54,00:02:16,22,"APP_FIRST",5,"medium"
"P06","jar1","APP","Step 5",00:02:16,00:04:20,124,"APP_FIRST",5,"medium"
"P06","jar1","APP","Step 6",00:04:20,00:04:28,8,"APP_FIRST",2,"low"
"P06","jar1","APP","Step 7",00:04:28,00:04:45,17,"APP_FIRST",3,"low"
"P06","jar1","APP","Step 8",00:04:45,00:05:00,15,"APP_FIRST",2,"low"
"P06","jar1","APP","Step 7",00:05:00,00:05:28,28,"APP_FIRST",3,"low"
"P06","jar1","APP","Step 8",00:05:28,00:05:33,5,"APP_FIRST",2,"low"
"P06","jar1","APP","Step 9",00:05:33,00:05:58,25,"APP_FIRST",4,"low"
"P06","jar1","APP","Step 10",00:05:58,00:06:24,26,"APP_FIRST",5,"medium"
"P06","jar1","APP","Step 11",00:06:24,00:06:35,11,"APP_FIRST",3,"low"
"P06","jar1","APP","Step 12",00:06:35,00:06:41,6,"APP_FIRST",2,"low"
"P06","jar1","APP","Step 13",00:06:41,00:07:00,19,"APP_FIRST",3,"low"
"P06","jar1","APP","Step 14",00:07:00,00:07:28,28,"APP_FIRST",5,"medium"
"P06","jar1","APP","Step 15",00:07:28,00:08:01,33,"APP_FIRST",7,"medium"
"P06","jar1","APP","Step 16",00:08:01,00:08:07,6,"APP_FIRST",2,"low"
"P06","jar1","APP","Step 17",00:08:24,00:08:38,14,"APP_FIRST",6,"medium"
"P06","jar1","APP","Step 18",00:08:38,00:09:11,33,"APP_FIRST",5,"medium"
"P06","jar1","APP","Step 19",00:09:11,00:09:19,8,"APP_FIRST",6,"medium"
"P06","jar1","APP","Step 20",00:09:19,00:09:27,8,"APP_FIRST",2,"low"
"P06","jar1","APP","Step 21",00:09:27,00:09:57,30,"APP_FIRST",6,"medium"
"P06","jar1","APP","Step 22",00:09:57,00:10:51,54,"APP_FIRST",16,"high"
"P06","jar1","APP","Step 23",00:10:51,00:11:26,35,"APP_FIRST",6,"medium"
"P06","jar1","APP","Step 24",00:11:26,00:11:40,14,"APP_FIRST",3,"low"
"P06","jar1","APP","Step 25",00:11:40,00:12:08,28,"APP_FIRST",3,"low"
"P06","jar1","APP","Step 26",00:12:08,00:12:22,14,"APP_FIRST",3,"low"
"P06","jar1","APP","Step 27",00:12:22,00:12:56,34,"APP_FIRST",9,"high"
"P06","jar1","APP","Step 28",00:12:56,00:13:16,20,"APP_FIRST",6,"medium"
"P06","jar1","APP","Step 29",00:13:16,00:13:23,7,"APP_FIRST",4,"low"
"P06","jar2","BOOKLET","Step 0B",00:00:23,00:00:38,15,"APP_FIRST",NA,NA
"P06","jar2","BOOKLET","Step 30",00:00:38,00:01:01,23,"APP_FIRST",8,"medium"
"P06","jar2","BOOKLET","Step 31",00:01:01,00:01:44,43,"APP_FIRST",6,"medium"
"P06","jar2","BOOKLET","Step 32",00:01:46,00:02:03,17,"APP_FIRST",2,"low"
"P06","jar2","BOOKLET","Step 33",00:02:03,00:02:46,43,"APP_FIRST",10,"high"
"P06","jar2","BOOKLET","Step 34",00:02:47,00:03:23,36,"APP_FIRST",8,"medium"
"P06","jar2","BOOKLET","Step 35",00:03:23,00:03:52,29,"APP_FIRST",7,"medium"
"P06","jar2","BOOKLET","Step 36",00:03:53,00:03:59,6,"APP_FIRST",4,"low"
"P06","jar2","BOOKLET","Step 37",00:03:59,00:04:13,14,"APP_FIRST",3,"low"
"P06","jar2","BOOKLET","Step 38",00:04:13,00:04:23,10,"APP_FIRST",2,"low"
"P06","jar2","BOOKLET","Step 39",00:04:23,00:04:34,11,"APP_FIRST",5,"medium"
"P06","jar2","BOOKLET","Step 40",00:04:36,00:05:17,41,"APP_FIRST",3,"low"
"P06","jar2","BOOKLET","Step 41",00:05:17,00:06:28,71,"APP_FIRST",12,"high"
"P06","jar2","BOOKLET","Step 42",00:06:29,00:06:39,10,"APP_FIRST",2,"low"
"P06","jar2","BOOKLET","Step 43",00:06:39,00:06:44,5,"APP_FIRST",2,"low"
"P06","jar2","BOOKLET","Step 44",00:06:44,00:07:12,28,"APP_FIRST",3,"low"
"P06","jar2","BOOKLET","Step 45",00:07:14,00:08:04,50,"APP_FIRST",10,"high"
"P06","jar2","BOOKLET","Step 46",00:08:04,00:08:29,25,"APP_FIRST",5,"medium"
"P06","jar2","BOOKLET","Step 47",00:08:30,00:08:40,10,"APP_FIRST",3,"low"
"P06","jar2","BOOKLET","Step 48",00:08:40,00:09:14,34,"APP_FIRST",5,"medium"
"P06","jar2","BOOKLET","Step 49",00:09:14,00:09:58,44,"APP_FIRST",6,"medium"
"P06","jar2","BOOKLET","Step 50",00:09:58,00:11:10,72,"APP_FIRST",4,"low"
"P06","jar2","BOOKLET","Step 51",00:11:11,00:11:55,44,"APP_FIRST",8,"medium"
"P06","jar2","BOOKLET","Step 52",00:11:55,00:12:13,18,"APP_FIRST",4,"low"
"P06","jar2","BOOKLET","Step 53",00:12:13,00:12:40,27,"APP_FIRST",5,"medium"
"P06","jar2","BOOKLET","Step 54",00:12:40,00:12:58,18,"APP_FIRST",4,"low"
"P06","jar2","BOOKLET","Step 55",00:12:59,00:13:12,13,"APP_FIRST",3,"low"
"P06","jar2","BOOKLET","Step 56",00:13:12,00:13:27,15,"APP_FIRST",6,"medium"
"P06","jar2","BOOKLET","Step 57",00:13:27,00:13:59,32,"APP_FIRST",3,"low"
"P06","jar2","BOOKLET","Step 58",00:14:01,00:14:12,11,"APP_FIRST",3,"low"
"P07","jar1","BOOKLET","Step 0B",00:00:12,00:00:20,8,"BOOK_FIRST",NA,NA
"P07","jar1","BOOKLET","Step 1",00:00:20,00:00:21,1,"BOOK_FIRST",2,"low"
"P07","jar1","BOOKLET","Step 2",00:00:21,00:00:47,26,"BOOK_FIRST",5,"medium"
"P07","jar1","BOOKLET","Step 3",00:00:47,00:01:36,49,"BOOK_FIRST",2,"low"
"P07","jar1","BOOKLET","Step 4",00:01:36,00:02:03,27,"BOOK_FIRST",5,"medium"
"P07","jar1","BOOKLET","Step 5",00:02:06,00:02:24,18,"BOOK_FIRST",5,"medium"
"P07","jar1","BOOKLET","Step 6",00:02:24,00:02:30,6,"BOOK_FIRST",2,"low"
"P07","jar1","BOOKLET","Step 7",00:02:30,00:02:41,11,"BOOK_FIRST",3,"low"
"P07","jar1","BOOKLET","Step 8",00:02:41,00:02:50,9,"BOOK_FIRST",2,"low"
"P07","jar1","BOOKLET","Step 9",00:02:51,00:03:09,18,"BOOK_FIRST",4,"low"
"P07","jar1","BOOKLET","Step 10",00:03:09,00:03:23,14,"BOOK_FIRST",5,"medium"
"P07","jar1","BOOKLET","Step 11",00:03:23,00:03:35,12,"BOOK_FIRST",3,"low"
"P07","jar1","BOOKLET","Step 12",00:03:36,00:03:43,7,"BOOK_FIRST",2,"low"
"P07","jar1","BOOKLET","Step 13",00:03:43,00:03:54,11,"BOOK_FIRST",3,"low"
"P07","jar1","BOOKLET","Step 14",00:03:54,00:04:34,40,"BOOK_FIRST",5,"medium"
"P07","jar1","BOOKLET","Step 15",00:04:34,00:05:17,43,"BOOK_FIRST",7,"medium"
"P07","jar1","BOOKLET","Step 16",00:05:18,00:05:22,4,"BOOK_FIRST",2,"low"
"P07","jar1","BOOKLET","Step 17",00:05:22,00:05:37,15,"BOOK_FIRST",6,"medium"
"P07","jar1","BOOKLET","Step 18",00:05:37,00:05:53,16,"BOOK_FIRST",5,"medium"
"P07","jar1","BOOKLET","Step 19",00:05:54,00:06:05,11,"BOOK_FIRST",6,"medium"
"P07","jar1","BOOKLET","Step 20",00:06:05,00:06:11,6,"BOOK_FIRST",2,"low"
"P07","jar1","BOOKLET","Step 21",00:06:11,00:06:38,27,"BOOK_FIRST",6,"medium"
"P07","jar1","BOOKLET","Step 22",00:06:40,00:07:45,65,"BOOK_FIRST",16,"high"
"P07","jar1","BOOKLET","Step 23",00:07:45,00:08:24,39,"BOOK_FIRST",6,"medium"
"P07","jar1","BOOKLET","Step 24",00:08:25,00:08:37,12,"BOOK_FIRST",3,"low"
"P07","jar1","BOOKLET","Step 25",00:08:37,00:09:19,42,"BOOK_FIRST",3,"low"
"P07","jar1","BOOKLET","Step 26",00:09:19,00:09:29,10,"BOOK_FIRST",3,"low"
"P07","jar1","BOOKLET","Step 27",00:09:30,00:10:05,35,"BOOK_FIRST",9,"high"
"P07","jar1","BOOKLET","Step 28",00:10:05,00:10:35,30,"BOOK_FIRST",6,"medium"
"P07","jar1","BOOKLET","Step 29",00:10:51,00:10:56,5,"BOOK_FIRST",4,"low"
"P07","jar2","APP","Step 0A",00:00:10,00:00:29,19,"BOOK_FIRST",NA,NA
"P07","jar2","APP","Step 30",00:00:29,00:00:58,29,"BOOK_FIRST",8,"medium"
"P07","jar2","APP","Step 31",00:00:58,00:01:39,41,"BOOK_FIRST",6,"medium"
"P07","jar2","APP","Step 32",00:01:39,00:02:43,64,"BOOK_FIRST",2,"low"
"P07","jar2","APP","Step 33",00:02:43,00:03:29,46,"BOOK_FIRST",10,"high"
"P07","jar2","APP","Step 34",00:03:29,00:04:02,33,"BOOK_FIRST",8,"medium"
"P07","jar2","APP","Step 35",00:04:02,00:04:32,30,"BOOK_FIRST",7,"medium"
"P07","jar2","APP","Step 36",00:04:32,00:04:39,7,"BOOK_FIRST",4,"low"
"P07","jar2","APP","Step 37",00:04:39,00:04:55,16,"BOOK_FIRST",3,"low"
"P07","jar2","APP","Step 38",00:04:55,00:05:08,13,"BOOK_FIRST",2,"low"
"P07","jar2","APP","Step 39",00:05:08,00:05:21,13,"BOOK_FIRST",5,"medium"
"P07","jar2","APP","Step 40",00:05:21,00:05:37,16,"BOOK_FIRST",3,"low"
"P07","jar2","APP","Step 41",00:05:37,00:06:26,49,"BOOK_FIRST",12,"high"
"P07","jar2","APP","Step 42",00:06:26,00:06:36,10,"BOOK_FIRST",2,"low"
"P07","jar2","APP","Step 43",00:06:36,00:06:45,9,"BOOK_FIRST",2,"low"
"P07","jar2","APP","Step 44",00:06:45,00:06:54,9,"BOOK_FIRST",3,"low"
"P07","jar2","APP","Step 45",00:06:54,00:07:55,61,"BOOK_FIRST",10,"high"
"P07","jar2","APP","Step 46",00:07:55,00:08:36,41,"BOOK_FIRST",5,"medium"
"P07","jar2","APP","Step 47",00:08:36,00:08:49,13,"BOOK_FIRST",3,"low"
"P07","jar2","APP","Step 48",00:08:49,00:09:20,31,"BOOK_FIRST",5,"medium"
"P07","jar2","APP","Step 49",00:09:20,00:10:12,52,"BOOK_FIRST",6,"medium"
"P07","jar2","APP","Step 50",00:10:12,00:10:36,24,"BOOK_FIRST",4,"low"
"P07","jar2","APP","Step 51",00:10:36,00:10:52,16,"BOOK_FIRST",8,"medium"
"P07","jar2","APP","Step 52",00:10:52,00:11:02,10,"BOOK_FIRST",4,"low"
"P07","jar2","APP","Step 53",00:11:02,00:11:18,16,"BOOK_FIRST",5,"medium"
"P07","jar2","APP","Step 54",00:11:18,00:11:32,14,"BOOK_FIRST",4,"low"
"P07","jar2","APP","Step 55",00:11:32,00:11:48,16,"BOOK_FIRST",3,"low"
"P07","jar2","APP","Step 56",00:11:48,00:12:03,15,"BOOK_FIRST",6,"medium"
"P07","jar2","APP","Step 57",00:12:03,00:12:18,15,"BOOK_FIRST",3,"low"
"P07","jar2","APP","Step 58",00:12:18,00:12:54,36,"BOOK_FIRST",3,"low"
"P08","jar1","APP","Step 0A",00:00:13,00:02:59,166,"APP_FIRST",NA,NA
"P08","jar1","APP","Step 1",00:02:59,00:03:03,4,"APP_FIRST",2,"low"
"P08","jar1","APP","Step 2",00:03:03,00:03:30,27,"APP_FIRST",5,"medium"
"P08","jar1","APP","Step 3",00:03:30,00:03:43,13,"APP_FIRST",2,"low"
"P08","jar1","APP","Step 4",00:03:43,00:04:23,40,"APP_FIRST",5,"medium"
"P08","jar1","APP","Step 5",00:04:23,00:04:49,26,"APP_FIRST",5,"medium"
"P08","jar1","APP","Step 6",00:04:49,00:05:02,13,"APP_FIRST",2,"low"
"P08","jar1","APP","Step 7",00:05:02,00:05:16,14,"APP_FIRST",3,"low"
"P08","jar1","APP","Step 8",00:05:16,00:05:26,10,"APP_FIRST",2,"low"
"P08","jar1","APP","Step 9",00:05:26,00:05:48,22,"APP_FIRST",4,"low"
"P08","jar1","APP","Step 10",00:05:48,00:06:12,24,"APP_FIRST",5,"medium"
"P08","jar1","APP","Step 11",00:06:12,00:06:26,14,"APP_FIRST",3,"low"
"P08","jar1","APP","Step 12",00:06:26,00:06:34,8,"APP_FIRST",2,"low"
"P08","jar1","APP","Step 13",00:06:34,00:06:53,19,"APP_FIRST",3,"low"
"P08","jar1","APP","Step 14",00:06:53,00:07:21,28,"APP_FIRST",5,"medium"
"P08","jar1","APP","Step 15",00:07:21,00:08:05,44,"APP_FIRST",7,"medium"
"P08","jar1","APP","Step 16",00:08:05,00:08:12,7,"APP_FIRST",2,"low"
"P08","jar1","APP","Step 17",00:08:12,00:08:26,14,"APP_FIRST",6,"medium"
"P08","jar1","APP","Step 18",00:08:26,00:08:53,27,"APP_FIRST",5,"medium"
"P08","jar1","APP","Step 19",00:08:53,00:09:06,13,"APP_FIRST",6,"medium"
"P08","jar1","APP","Step 20",00:09:06,00:09:17,11,"APP_FIRST",2,"low"
"P08","jar1","APP","Step 21",00:09:17,00:09:37,20,"APP_FIRST",6,"medium"
"P08","jar1","APP","Step 22",00:09:37,00:11:03,86,"APP_FIRST",16,"high"
"P08","jar1","APP","Step 23",00:11:03,00:11:54,51,"APP_FIRST",6,"medium"
"P08","jar1","APP","Step 24",00:11:54,00:12:22,28,"APP_FIRST",3,"low"
"P08","jar1","APP","Step 25",00:12:22,00:13:24,62,"APP_FIRST",3,"low"
"P08","jar1","APP","Step 26",00:13:24,00:13:38,14,"APP_FIRST",3,"low"
"P08","jar1","APP","Step 27",00:13:38,00:14:34,56,"APP_FIRST",9,"high"
"P08","jar1","APP","Step 28",00:14:34,00:15:17,43,"APP_FIRST",6,"medium"
"P08","jar1","APP","Step 29",00:15:17,00:15:34,17,"APP_FIRST",4,"low"
"P08","jar2","BOOKLET","Step 0B",00:00:24,00:03:19,175,"APP_FIRST",NA,NA
"P08","jar2","BOOKLET","Step 30",00:03:20,00:03:56,36,"APP_FIRST",8,"medium"
"P08","jar2","BOOKLET","Step 31",00:03:56,00:05:11,75,"APP_FIRST",6,"medium"
"P08","jar2","BOOKLET","Step 32",00:05:12,00:05:23,11,"APP_FIRST",2,"low"
"P08","jar2","BOOKLET","Step 33",00:05:23,00:06:12,49,"APP_FIRST",10,"high"
"P08","jar2","BOOKLET","Step 34",00:06:13,00:06:45,32,"APP_FIRST",8,"medium"
"P08","jar2","BOOKLET","Step 35",00:06:45,00:07:20,35,"APP_FIRST",7,"medium"
"P08","jar2","BOOKLET","Step 36",00:07:23,00:07:30,7,"APP_FIRST",4,"low"
"P08","jar2","BOOKLET","Step 37",00:07:30,00:07:41,11,"APP_FIRST",3,"low"
"P08","jar2","BOOKLET","Step 38",00:07:41,00:07:54,13,"APP_FIRST",2,"low"
"P08","jar2","BOOKLET","Step 39",00:07:54,00:08:10,16,"APP_FIRST",5,"medium"
"P08","jar2","BOOKLET","Step 40",00:08:12,00:08:24,12,"APP_FIRST",3,"low"
"P08","jar2","BOOKLET","Step 41",00:08:24,00:09:32,68,"APP_FIRST",12,"high"
"P08","jar2","BOOKLET","Step 42",00:09:34,00:09:41,7,"APP_FIRST",2,"low"
"P08","jar2","BOOKLET","Step 43",00:09:52,00:10:01,9,"APP_FIRST",2,"low"
"P08","jar2","BOOKLET","Step 44",00:10:01,00:10:18,17,"APP_FIRST",3,"low"
"P08","jar2","BOOKLET","Step 45",00:10:24,00:11:16,52,"APP_FIRST",10,"high"
"P08","jar2","BOOKLET","Step 46",00:11:16,00:11:47,31,"APP_FIRST",5,"medium"
"P08","jar2","BOOKLET","Step 47",00:11:48,00:12:02,14,"APP_FIRST",3,"low"
"P08","jar2","BOOKLET","Step 48",00:12:02,00:12:38,36,"APP_FIRST",5,"medium"
"P08","jar2","BOOKLET","Step 49",00:12:38,00:13:49,71,"APP_FIRST",6,"medium"
"P08","jar2","BOOKLET","Step 50",00:13:49,00:14:54,65,"APP_FIRST",4,"low"
"P08","jar2","BOOKLET","Step 51",00:14:56,00:15:18,22,"APP_FIRST",8,"medium"
"P08","jar2","BOOKLET","Step 52",00:15:18,00:15:39,21,"APP_FIRST",4,"low"
"P08","jar2","BOOKLET","Step 53",00:15:39,00:16:01,22,"APP_FIRST",5,"medium"
"P08","jar2","BOOKLET","Step 54",00:16:01,00:16:19,18,"APP_FIRST",4,"low"
"P08","jar2","BOOKLET","Step 55",00:16:20,00:16:33,13,"APP_FIRST",3,"low"
"P08","jar2","BOOKLET","Step 56",00:16:33,00:17:02,29,"APP_FIRST",6,"medium"
"P08","jar2","BOOKLET","Step 57",00:17:02,00:17:17,15,"APP_FIRST",3,"low"
"P08","jar2","BOOKLET","Step 58",00:17:19,00:17:35,16,"APP_FIRST",3,"low"
"P09","jar1","BOOKLET","Step 0B",00:00:10,00:00:32,22,"BOOK_FIRST",NA,NA
"P09","jar1","BOOKLET","Step 1",00:00:32,00:00:35,3,"BOOK_FIRST",2,"low"
"P09","jar1","BOOKLET","Step 2",00:00:35,00:01:19,44,"BOOK_FIRST",5,"medium"
"P09","jar1","BOOKLET","Step 3",00:01:19,00:01:32,13,"BOOK_FIRST",2,"low"
"P09","jar1","BOOKLET","Step 4",00:01:32,00:02:12,40,"BOOK_FIRST",5,"medium"
"P09","jar1","BOOKLET","Step 5",00:03:16,00:04:54,98,"BOOK_FIRST",5,"medium"
"P09","jar1","BOOKLET","Step 6",00:04:54,00:05:54,60,"BOOK_FIRST",2,"low"
"P09","jar1","BOOKLET","Step 7",00:05:54,00:07:05,71,"BOOK_FIRST",3,"low"
"P09","jar1","BOOKLET","Step 8",00:07:05,00:07:22,17,"BOOK_FIRST",2,"low"
"P09","jar1","BOOKLET","Step 9",00:08:26,00:09:11,45,"BOOK_FIRST",4,"low"
"P09","jar1","BOOKLET","Step 10",00:09:11,00:09:31,20,"BOOK_FIRST",5,"medium"
"P09","jar1","BOOKLET","Step 11",00:09:31,00:09:47,16,"BOOK_FIRST",3,"low"
"P09","jar1","BOOKLET","Step 13",00:09:48,00:10:00,12,"BOOK_FIRST",3,"low"
"P09","jar1","BOOKLET","Step 12",00:10:00,00:10:07,7,"BOOK_FIRST",2,"low"
"P09","jar1","BOOKLET","Step 14",00:10:07,00:10:53,46,"BOOK_FIRST",5,"medium"
"P09","jar1","BOOKLET","Step 15",00:10:53,00:11:37,44,"BOOK_FIRST",7,"medium"
"P09","jar1","BOOKLET","Step 16",00:11:39,00:11:49,10,"BOOK_FIRST",2,"low"
"P09","jar1","BOOKLET","Step 17",00:11:49,00:12:19,30,"BOOK_FIRST",6,"medium"
"P09","jar1","BOOKLET","Step 18",00:12:19,00:12:51,32,"BOOK_FIRST",5,"medium"
"P09","jar1","BOOKLET","Step 19",00:12:57,00:13:13,16,"BOOK_FIRST",6,"medium"
"P09","jar1","BOOKLET","Step 20",00:13:13,00:13:20,7,"BOOK_FIRST",2,"low"
"P09","jar1","BOOKLET","Step 21",00:13:20,00:14:03,43,"BOOK_FIRST",6,"medium"
"P09","jar1","BOOKLET","Step 22",00:14:04,00:15:30,86,"BOOK_FIRST",16,"high"
"P09","jar1","BOOKLET","Step 23",00:15:30,00:16:23,53,"BOOK_FIRST",6,"medium"
"P09","jar1","BOOKLET","Step 24",00:16:25,00:16:53,28,"BOOK_FIRST",3,"low"
"P09","jar1","BOOKLET","Step 25",00:16:53,00:17:24,31,"BOOK_FIRST",3,"low"
"P09","jar1","BOOKLET","Step 26",00:17:24,00:17:59,35,"BOOK_FIRST",3,"low"
"P09","jar1","BOOKLET","Step 27",00:18:02,00:18:54,52,"BOOK_FIRST",9,"high"
"P09","jar1","BOOKLET","Step 28",00:18:54,00:20:09,75,"BOOK_FIRST",6,"medium"
"P09","jar1","BOOKLET","Step 29",00:20:10,00:20:23,13,"BOOK_FIRST",4,"low"
"P09","jar2","APP","Step 0A",00:00:12,00:00:30,18,"BOOK_FIRST",NA,NA
"P09","jar2","APP","Step 30",00:00:30,00:02:16,106,"BOOK_FIRST",8,"medium"
"P09","jar2","APP","Step 31",00:02:16,00:02:53,37,"BOOK_FIRST",6,"medium"
"P09","jar2","APP","Step 32",00:02:53,00:03:09,16,"BOOK_FIRST",2,"low"
"P09","jar2","APP","Step 33",00:03:09,00:04:07,58,"BOOK_FIRST",10,"high"
"P09","jar2","APP","Step 34",00:04:07,00:04:40,33,"BOOK_FIRST",8,"medium"
"P09","jar2","APP","Step 35",00:04:40,00:05:08,28,"BOOK_FIRST",7,"medium"
"P09","jar2","APP","Step 36",00:05:08,00:05:16,8,"BOOK_FIRST",4,"low"
"P09","jar2","APP","Step 37",00:05:16,00:05:41,25,"BOOK_FIRST",3,"low"
"P09","jar2","APP","Step 38",00:05:41,00:05:50,9,"BOOK_FIRST",2,"low"
"P09","jar2","APP","Step 39",00:05:50,00:06:06,16,"BOOK_FIRST",5,"medium"
"P09","jar2","APP","Step 40",00:06:06,00:06:20,14,"BOOK_FIRST",3,"low"
"P09","jar2","APP","Step 41",00:06:20,00:07:40,80,"BOOK_FIRST",12,"high"
"P09","jar2","APP","Step 42",00:07:40,00:07:49,9,"BOOK_FIRST",2,"low"
"P09","jar2","APP","Step 43",00:07:49,00:08:05,16,"BOOK_FIRST",2,"low"
"P09","jar2","APP","Step 44",00:08:05,00:08:20,15,"BOOK_FIRST",3,"low"
"P09","jar2","APP","Step 45",00:08:21,00:09:28,67,"BOOK_FIRST",10,"high"
"P09","jar2","APP","Step 46",00:09:28,00:10:09,41,"BOOK_FIRST",5,"medium"
"P09","jar2","APP","Step 47",00:10:09,00:10:25,16,"BOOK_FIRST",3,"low"
"P09","jar2","APP","Step 48",00:10:25,00:11:00,35,"BOOK_FIRST",5,"medium"
"P09","jar2","APP","Step 49",00:11:00,00:11:23,23,"BOOK_FIRST",6,"medium"
"P09","jar2","APP","Step 51",00:11:23,00:11:42,19,"BOOK_FIRST",8,"medium"
"P09","jar2","APP","Step 49",00:11:42,00:11:58,16,"BOOK_FIRST",6,"medium"
"P09","jar2","APP","Step 50",00:11:58,00:12:20,22,"BOOK_FIRST",4,"low"
"P09","jar2","APP","Step 51",00:12:20,00:12:23,3,"BOOK_FIRST",8,"medium"
"P09","jar2","APP","Step 52",00:12:23,00:13:06,43,"BOOK_FIRST",4,"low"
"P09","jar2","APP","Step 53",00:13:06,00:13:33,27,"BOOK_FIRST",5,"medium"
"P09","jar2","APP","Step 54",00:13:33,00:14:02,29,"BOOK_FIRST",4,"low"
"P09","jar2","APP","Step 55",00:14:02,00:14:17,15,"BOOK_FIRST",3,"low"
"P09","jar2","APP","Step 56",00:14:17,00:14:41,24,"BOOK_FIRST",6,"medium"
"P09","jar2","APP","Step 57",00:14:41,00:15:02,21,"BOOK_FIRST",3,"low"
"P09","jar2","APP","Step 58",00:15:02,00:15:20,18,"BOOK_FIRST",3,"low"
"P10","jar1","BOOKLET","Step 0B",00:00:12,00:00:51,39,"BOOK_FIRST",NA,NA
"P10","jar1","BOOKLET","Step 1",00:00:51,00:00:53,2,"BOOK_FIRST",2,"low"
"P10","jar1","BOOKLET","Step 2",00:00:53,00:01:10,17,"BOOK_FIRST",5,"medium"
"P10","jar1","BOOKLET","Step 3",00:01:10,00:01:24,14,"BOOK_FIRST",2,"low"
"P10","jar1","BOOKLET","Step 4",00:01:24,00:01:51,27,"BOOK_FIRST",5,"medium"
"P10","jar1","BOOKLET","Step 5",00:01:53,00:02:15,22,"BOOK_FIRST",5,"medium"
"P10","jar1","BOOKLET","Step 6",00:02:15,00:02:28,13,"BOOK_FIRST",2,"low"
"P10","jar1","BOOKLET","Step 7",00:02:28,00:02:39,11,"BOOK_FIRST",3,"low"
"P10","jar1","BOOKLET","Step 8",00:02:39,00:02:50,11,"BOOK_FIRST",2,"low"
"P10","jar1","BOOKLET","Step 9",00:02:52,00:03:07,15,"BOOK_FIRST",4,"low"
"P10","jar1","BOOKLET","Step 10",00:03:07,00:03:29,22,"BOOK_FIRST",5,"medium"
"P10","jar1","BOOKLET","Step 11",00:03:29,00:03:51,22,"BOOK_FIRST",3,"low"
"P10","jar1","BOOKLET","Step 12",00:03:53,00:04:02,9,"BOOK_FIRST",2,"low"
"P10","jar1","BOOKLET","Step 13",00:04:02,00:04:18,16,"BOOK_FIRST",3,"low"
"P10","jar1","BOOKLET","Step 14",00:04:18,00:05:00,42,"BOOK_FIRST",5,"medium"
"P10","jar1","BOOKLET","Step 15",00:05:00,00:05:50,50,"BOOK_FIRST",7,"medium"
"P10","jar1","BOOKLET","Step 16",00:05:51,00:05:59,8,"BOOK_FIRST",2,"low"
"P10","jar1","BOOKLET","Step 17",00:05:59,00:06:15,16,"BOOK_FIRST",6,"medium"
"P10","jar1","BOOKLET","Step 18",00:06:15,00:06:35,20,"BOOK_FIRST",5,"medium"
"P10","jar1","BOOKLET","Step 19",00:06:36,00:06:46,10,"BOOK_FIRST",6,"medium"
"P10","jar1","BOOKLET","Step 20",00:06:46,00:06:54,8,"BOOK_FIRST",2,"low"
"P10","jar1","BOOKLET","Step 21",00:06:54,00:08:07,73,"BOOK_FIRST",6,"medium"
"P10","jar1","BOOKLET","Step 22",00:08:08,00:10:28,140,"BOOK_FIRST",16,"high"
"P10","jar1","BOOKLET","Step 21",00:10:28,00:10:53,25,"BOOK_FIRST",6,"medium"
"P10","jar1","BOOKLET","Step 23",00:10:53,00:11:41,48,"BOOK_FIRST",6,"medium"
"P10","jar1","BOOKLET","Step 24",00:11:41,00:12:21,40,"BOOK_FIRST",3,"low"
"P10","jar1","BOOKLET","Step 25",00:12:21,00:12:38,17,"BOOK_FIRST",3,"low"
"P10","jar1","BOOKLET","Step 26",00:12:38,00:13:02,24,"BOOK_FIRST",3,"low"
"P10","jar1","BOOKLET","Step 27",00:13:03,00:13:58,55,"BOOK_FIRST",9,"high"
"P10","jar1","BOOKLET","Step 28",00:13:58,00:14:26,28,"BOOK_FIRST",6,"medium"
"P10","jar1","BOOKLET","Step 29",00:14:27,00:14:30,3,"BOOK_FIRST",4,"low"
"P10","jar1","BOOKLET","Step 28",00:14:30,00:14:42,12,"BOOK_FIRST",6,"medium"
"P10","jar1","BOOKLET","Step 29",00:14:43,00:14:51,8,"BOOK_FIRST",4,"low"
"P10","jar2","APP","Step 0A",00:00:12,00:00:27,15,"BOOK_FIRST",NA,NA
"P10","jar2","APP","Step 30",00:00:27,00:01:04,37,"BOOK_FIRST",8,"medium"
"P10","jar2","APP","Step 31",00:01:04,00:01:36,32,"BOOK_FIRST",6,"medium"
"P10","jar2","APP","Step 32",00:01:36,00:02:04,28,"BOOK_FIRST",2,"low"
"P10","jar2","APP","Step 33",00:02:04,00:02:58,54,"BOOK_FIRST",10,"high"
"P10","jar2","APP","Step 34",00:02:58,00:04:16,78,"BOOK_FIRST",8,"medium"
"P10","jar2","APP","Step 35",00:04:16,00:04:43,27,"BOOK_FIRST",7,"medium"
"P10","jar2","APP","Step 36",00:04:43,00:04:49,6,"BOOK_FIRST",4,"low"
"P10","jar2","APP","Step 37",00:04:49,00:05:08,19,"BOOK_FIRST",3,"low"
"P10","jar2","APP","Step 38",00:05:08,00:05:24,16,"BOOK_FIRST",2,"low"
"P10","jar2","APP","Step 39",00:05:24,00:05:42,18,"BOOK_FIRST",5,"medium"
"P10","jar2","APP","Step 40",00:05:42,00:05:57,15,"BOOK_FIRST",3,"low"
"P10","jar2","APP","Step 41",00:05:57,00:07:10,73,"BOOK_FIRST",12,"high"
"P10","jar2","APP","Step 42",00:07:10,00:07:19,9,"BOOK_FIRST",2,"low"
"P10","jar2","APP","Step 43",00:07:19,00:07:41,22,"BOOK_FIRST",2,"low"
"P10","jar2","APP","Step 44",00:07:41,00:08:10,29,"BOOK_FIRST",3,"low"
"P10","jar2","APP","Step 45",00:08:10,00:10:35,145,"BOOK_FIRST",10,"high"
"P10","jar2","APP","Step 46",00:10:35,00:13:09,154,"BOOK_FIRST",5,"medium"
"P10","jar2","APP","Step 47",00:13:09,00:13:38,29,"BOOK_FIRST",3,"low"
"P10","jar2","APP","Step 41",00:13:47,00:14:47,60,"BOOK_FIRST",12,"high"
"P10","jar2","APP","Step 45",00:15:00,00:15:20,20,"BOOK_FIRST",10,"high"
"P10","jar2","APP","Step 46",00:15:20,00:19:44,264,"BOOK_FIRST",5,"medium"
"P10","jar2","APP","Step 47",00:19:44,00:19:56,12,"BOOK_FIRST",3,"low"
"P10","jar2","APP","Step 48",00:19:56,00:20:38,42,"BOOK_FIRST",5,"medium"
"P10","jar2","APP","Step 49",00:20:38,00:21:13,35,"BOOK_FIRST",6,"medium"
"P10","jar2","APP","Step 50",00:21:13,00:21:48,35,"BOOK_FIRST",4,"low"
"P10","jar2","APP","Step 51",00:21:48,00:22:32,44,"BOOK_FIRST",8,"medium"
"P10","jar2","APP","Step 52",00:22:32,00:22:54,22,"BOOK_FIRST",4,"low"
"P10","jar2","APP","Step 53",00:22:54,00:23:16,22,"BOOK_FIRST",5,"medium"
"P10","jar2","APP","Step 54",00:23:16,00:23:38,22,"BOOK_FIRST",4,"low"
"P10","jar2","APP","Step 55",00:23:38,00:23:44,6,"BOOK_FIRST",3,"low"
"P10","jar2","APP","Step 56",00:23:44,00:24:04,20,"BOOK_FIRST",6,"medium"
"P10","jar2","APP","Step 57",00:24:04,00:24:34,30,"BOOK_FIRST",3,"low"
"P10","jar2","APP","Step 58",00:24:34,00:24:55,21,"BOOK_FIRST",3,"low"
"P12","jar1","BOOKLET","Step 0B",00:00:18,00:00:36,18,"BOOK_FIRST",NA,NA
"P12","jar1","BOOKLET","Step 1",00:00:36,00:00:39,3,"BOOK_FIRST",2,"low"
"P12","jar1","BOOKLET","Step 0B",00:00:39,00:02:58,139,"BOOK_FIRST",NA,NA
"P12","jar1","BOOKLET","Step 1",00:02:58,00:03:02,4,"BOOK_FIRST",2,"low"
"P12","jar1","BOOKLET","Step 2",00:03:02,00:03:32,30,"BOOK_FIRST",5,"medium"
"P12","jar1","BOOKLET","Step 3",00:03:32,00:03:38,6,"BOOK_FIRST",2,"low"
"P12","jar1","BOOKLET","Step 4",00:03:38,00:04:12,34,"BOOK_FIRST",5,"medium"
"P12","jar1","BOOKLET","Step 5",00:04:17,00:04:50,33,"BOOK_FIRST",5,"medium"
"P12","jar1","BOOKLET","Step 6",00:04:50,00:04:56,6,"BOOK_FIRST",2,"low"
"P12","jar1","BOOKLET","Step 7",00:04:56,00:05:09,13,"BOOK_FIRST",3,"low"
"P12","jar1","BOOKLET","Step 8",00:05:09,00:05:15,6,"BOOK_FIRST",2,"low"
"P12","jar1","BOOKLET","Step 9",00:05:16,00:05:46,30,"BOOK_FIRST",4,"low"
"P12","jar1","BOOKLET","Step 10",00:05:46,00:06:15,29,"BOOK_FIRST",5,"medium"
"P12","jar1","BOOKLET","Step 11",00:06:15,00:06:32,17,"BOOK_FIRST",3,"low"
"P12","jar1","BOOKLET","Step 12",00:06:33,00:06:48,15,"BOOK_FIRST",2,"low"
"P12","jar1","BOOKLET","Step 13",00:06:48,00:07:25,37,"BOOK_FIRST",3,"low"
"P12","jar1","BOOKLET","Step 14",00:07:25,00:08:06,41,"BOOK_FIRST",5,"medium"
"P12","jar1","BOOKLET","Step 15",00:08:06,00:08:37,31,"BOOK_FIRST",7,"medium"
"P12","jar1","BOOKLET","Step 16",00:08:38,00:08:48,10,"BOOK_FIRST",2,"low"
"P12","jar1","BOOKLET","Step 17",00:08:48,00:09:00,12,"BOOK_FIRST",6,"medium"
"P12","jar1","BOOKLET","Step 18",00:09:00,00:09:28,28,"BOOK_FIRST",5,"medium"
"P12","jar1","BOOKLET","Step 19",00:09:29,00:09:38,9,"BOOK_FIRST",6,"medium"
"P12","jar1","BOOKLET","Step 20",00:09:38,00:09:48,10,"BOOK_FIRST",2,"low"
"P12","jar1","BOOKLET","Step 21",00:09:48,00:10:26,38,"BOOK_FIRST",6,"medium"
"P12","jar1","BOOKLET","Step 22",00:10:27,00:11:58,91,"BOOK_FIRST",16,"high"
"P12","jar1","BOOKLET","Step 22",00:12:12,00:12:46,34,"BOOK_FIRST",16,"high"
"P12","jar1","BOOKLET","Step 23",00:12:46,00:13:54,68,"BOOK_FIRST",6,"medium"
"P12","jar1","BOOKLET","Step 24",00:13:55,00:14:25,30,"BOOK_FIRST",3,"low"
"P12","jar1","BOOKLET","Step 25",00:14:25,00:14:25,0,"BOOK_FIRST",3,"low"
"P12","jar1","BOOKLET","Step 26",00:14:25,00:14:44,19,"BOOK_FIRST",3,"low"
"P12","jar1","BOOKLET","Step 27",00:14:46,00:15:23,37,"BOOK_FIRST",9,"high"
"P12","jar1","BOOKLET","Step 28",00:15:23,00:15:51,28,"BOOK_FIRST",6,"medium"
"P12","jar1","BOOKLET","Step 29",00:15:54,00:16:03,9,"BOOK_FIRST",4,"low"
"P12","jar1","BOOKLET","Step 29",00:17:19,00:17:27,8,"BOOK_FIRST",4,"low"
"P12","jar2","APP","Step 0A",00:00:16,00:04:16,240,"BOOK_FIRST",NA,NA
"P12","jar2","APP","Step 30",00:04:18,00:04:51,33,"BOOK_FIRST",8,"medium"
"P12","jar2","APP","Step 31",00:04:51,00:05:29,38,"BOOK_FIRST",6,"medium"
"P12","jar2","APP","Step 32",00:05:29,00:05:39,10,"BOOK_FIRST",2,"low"
"P12","jar2","APP","Step 33",00:05:39,00:06:37,58,"BOOK_FIRST",10,"high"
"P12","jar2","APP","Step 34",00:06:37,00:07:05,28,"BOOK_FIRST",8,"medium"
"P12","jar2","APP","Step 35",00:07:05,00:07:31,26,"BOOK_FIRST",7,"medium"
"P12","jar2","APP","Step 36",00:07:31,00:07:39,8,"BOOK_FIRST",4,"low"
"P12","jar2","APP","Step 37",00:07:39,00:07:52,13,"BOOK_FIRST",3,"low"
"P12","jar2","APP","Step 38",00:07:52,00:08:09,17,"BOOK_FIRST",2,"low"
"P12","jar2","APP","Step 39",00:08:09,00:08:33,24,"BOOK_FIRST",5,"medium"
"P12","jar2","APP","Step 40",00:08:33,00:08:48,15,"BOOK_FIRST",3,"low"
"P12","jar2","APP","Step 41",00:08:48,00:09:46,58,"BOOK_FIRST",12,"high"
"P12","jar2","APP","Step 42",00:09:46,00:09:54,8,"BOOK_FIRST",2,"low"
"P12","jar2","APP","Step 43",00:09:54,00:10:05,11,"BOOK_FIRST",2,"low"
"P12","jar2","APP","Step 44",00:10:05,00:10:19,14,"BOOK_FIRST",3,"low"
"P12","jar2","APP","Step 45",00:10:19,00:11:15,56,"BOOK_FIRST",10,"high"
"P12","jar2","APP","Step 46",00:11:15,00:12:05,50,"BOOK_FIRST",5,"medium"
"P12","jar2","APP","Step 47",00:12:05,00:12:14,9,"BOOK_FIRST",3,"low"
"P12","jar2","APP","Step 48",00:12:14,00:12:39,25,"BOOK_FIRST",5,"medium"
"P12","jar2","APP","Step 49",00:12:39,00:13:34,55,"BOOK_FIRST",6,"medium"
"P12","jar2","APP","Step 50",00:13:34,00:13:56,22,"BOOK_FIRST",4,"low"
"P12","jar2","APP","Step 51",00:13:56,00:14:40,44,"BOOK_FIRST",8,"medium"
"P12","jar2","APP","Step 52",00:14:40,00:14:42,2,"BOOK_FIRST",4,"low"
"P12","jar2","APP","Step 53",00:14:42,00:15:07,25,"BOOK_FIRST",5,"medium"
"P12","jar2","APP","Step 54",00:15:07,00:15:27,20,"BOOK_FIRST",4,"low"
"P12","jar2","APP","Step 55",00:15:27,00:15:39,12,"BOOK_FIRST",3,"low"
"P12","jar2","APP","Step 56",00:15:39,00:16:20,41,"BOOK_FIRST",6,"medium"
"P12","jar2","APP","Step 57",00:16:20,00:16:36,16,"BOOK_FIRST",3,"low"
"P12","jar2","APP","Step 58",00:16:36,00:16:43,7,"BOOK_FIRST",3,"low"
"P13","jar1","APP","Step 0A",00:00:22,00:00:51,29,"APP_FIRST",NA,NA
"P13","jar1","APP","Step 1",00:00:51,00:00:52,1,"APP_FIRST",2,"low"
"P13","jar1","APP","Step 2",00:00:52,00:01:13,21,"APP_FIRST",5,"medium"
"P13","jar1","APP","Step 3",00:01:13,00:01:20,7,"APP_FIRST",2,"low"
"P13","jar1","APP","Step 4",00:01:20,00:01:33,13,"APP_FIRST",5,"medium"
"P13","jar1","APP","Step 5",00:01:34,00:02:01,27,"APP_FIRST",5,"medium"
"P13","jar1","APP","Step 6",00:02:01,00:02:09,8,"APP_FIRST",2,"low"
"P13","jar1","APP","Step 7",00:02:09,00:02:18,9,"APP_FIRST",3,"low"
"P13","jar1","APP","Step 8",00:02:18,00:02:22,4,"APP_FIRST",2,"low"
"P13","jar1","APP","Step 9",00:02:22,00:02:45,23,"APP_FIRST",4,"low"
"P13","jar1","APP","Step 10",00:02:45,00:02:56,11,"APP_FIRST",5,"medium"
"P13","jar1","APP","Step 11",00:02:56,00:03:04,8,"APP_FIRST",3,"low"
"P13","jar1","APP","Step 12",00:03:04,00:03:11,7,"APP_FIRST",2,"low"
"P13","jar1","APP","Step 13",00:03:11,00:03:21,10,"APP_FIRST",3,"low"
"P13","jar1","APP","Step 14",00:03:21,00:03:39,18,"APP_FIRST",5,"medium"
"P13","jar1","APP","Step 15",00:03:39,00:03:47,8,"APP_FIRST",7,"medium"
"P13","jar1","APP","Step 15",00:03:49,00:03:56,7,"APP_FIRST",7,"medium"
"P13","jar1","APP","Step 15",00:03:59,00:04:36,37,"APP_FIRST",7,"medium"
"P13","jar1","APP","Step 15",00:04:38,00:04:51,13,"APP_FIRST",7,"medium"
"P13","jar1","APP","Step 16",00:04:51,00:04:58,7,"APP_FIRST",2,"low"
"P13","jar1","APP","Step 17",00:04:58,00:05:05,7,"APP_FIRST",6,"medium"
"P13","jar1","APP","Step 18",00:05:05,00:05:29,24,"APP_FIRST",5,"medium"
"P13","jar1","APP","Step 19",00:05:29,00:05:35,6,"APP_FIRST",6,"medium"
"P13","jar1","APP","Step 20",00:05:35,00:05:40,5,"APP_FIRST",2,"low"
"P13","jar1","APP","Step 21",00:05:40,00:05:52,12,"APP_FIRST",6,"medium"
"P13","jar1","APP","Step 22",00:05:52,00:06:51,59,"APP_FIRST",16,"high"
"P13","jar1","APP","Step 23",00:06:51,00:07:23,32,"APP_FIRST",6,"medium"
"P13","jar1","APP","Step 24",00:07:23,00:07:42,19,"APP_FIRST",3,"low"
"P13","jar1","APP","Step 24",00:07:44,00:08:03,19,"APP_FIRST",3,"low"
"P13","jar1","APP","Step 25",00:08:03,00:08:14,11,"APP_FIRST",3,"low"
"P13","jar1","APP","Step 26",00:08:14,00:08:21,7,"APP_FIRST",3,"low"
"P13","jar1","APP","Step 27",00:08:21,00:09:24,63,"APP_FIRST",9,"high"
"P13","jar1","APP","Step 28",00:09:24,00:09:45,21,"APP_FIRST",6,"medium"
"P13","jar1","APP","Step 29",00:09:45,00:09:57,12,"APP_FIRST",4,"low"
"P13","jar2","BOOKLET","Step 0B",00:00:16,00:00:29,13,"APP_FIRST",NA,NA
"P13","jar2","BOOKLET","Step 30",00:00:29,00:00:49,20,"APP_FIRST",8,"medium"
"P13","jar2","BOOKLET","Step 31",00:00:49,00:01:00,11,"APP_FIRST",6,"medium"
"P13","jar2","BOOKLET","Step 32",00:01:02,00:01:07,5,"APP_FIRST",2,"low"
"P13","jar2","BOOKLET","Step 31",00:01:08,00:03:15,127,"APP_FIRST",6,"medium"
"P13","jar2","BOOKLET","Step 32",00:03:16,00:03:23,7,"APP_FIRST",2,"low"
"P13","jar2","BOOKLET","Step 33",00:03:23,00:04:01,38,"APP_FIRST",10,"high"
"P13","jar2","BOOKLET","Step 34",00:04:02,00:04:39,37,"APP_FIRST",8,"medium"
"P13","jar2","BOOKLET","Step 35",00:04:39,00:04:55,16,"APP_FIRST",7,"medium"
"P13","jar2","BOOKLET","Step 36",00:04:56,00:05:01,5,"APP_FIRST",4,"low"
"P13","jar2","BOOKLET","Step 37",00:05:01,00:05:15,14,"APP_FIRST",3,"low"
"P13","jar2","BOOKLET","Step 38",00:05:15,00:05:20,5,"APP_FIRST",2,"low"
"P13","jar2","BOOKLET","Step 39",00:05:20,00:05:31,11,"APP_FIRST",5,"medium"
"P13","jar2","BOOKLET","Step 40",00:05:31,00:05:42,11,"APP_FIRST",3,"low"
"P13","jar2","BOOKLET","Step 41",00:05:42,00:06:16,34,"APP_FIRST",12,"high"
"P13","jar2","BOOKLET","Step 42",00:06:17,00:06:25,8,"APP_FIRST",2,"low"
"P13","jar2","BOOKLET","Step 43",00:06:25,00:06:30,5,"APP_FIRST",2,"low"
"P13","jar2","BOOKLET","Step 44",00:06:30,00:06:45,15,"APP_FIRST",3,"low"
"P13","jar2","BOOKLET","Step 45",00:06:45,00:07:25,40,"APP_FIRST",10,"high"
"P13","jar2","BOOKLET","Step 46",00:07:25,00:08:23,58,"APP_FIRST",5,"medium"
"P13","jar2","BOOKLET","Step 47",00:08:24,00:08:50,26,"APP_FIRST",3,"low"
"P13","jar2","BOOKLET","Step 45",00:08:52,00:09:48,56,"APP_FIRST",10,"high"
"P13","jar2","BOOKLET","Step 46",00:10:41,00:11:17,36,"APP_FIRST",5,"medium"
"P13","jar2","BOOKLET","Step 47",00:11:18,00:11:27,9,"APP_FIRST",3,"low"
"P13","jar2","BOOKLET","Step 48",00:11:27,00:12:13,46,"APP_FIRST",5,"medium"
"P13","jar2","BOOKLET","Step 49",00:12:13,00:12:37,24,"APP_FIRST",6,"medium"
"P13","jar2","BOOKLET","Step 50",00:12:37,00:13:00,23,"APP_FIRST",4,"low"
"P13","jar2","BOOKLET","Step 51",00:13:01,00:13:24,23,"APP_FIRST",8,"medium"
"P13","jar2","BOOKLET","Step 52",00:13:24,00:13:50,26,"APP_FIRST",4,"low"
"P13","jar2","BOOKLET","Step 53",00:13:50,00:14:16,26,"APP_FIRST",5,"medium"
"P13","jar2","BOOKLET","Step 54",00:14:16,00:15:00,44,"APP_FIRST",4,"low"
"P13","jar2","BOOKLET","Step 55",00:15:01,00:15:12,11,"APP_FIRST",3,"low"
"P13","jar2","BOOKLET","Step 56",00:15:12,00:15:32,20,"APP_FIRST",6,"medium"
"P13","jar2","BOOKLET","Step 57",00:15:32,00:16:04,32,"APP_FIRST",3,"low"
"P13","jar2","BOOKLET","Step 58",00:16:05,00:16:17,12,"APP_FIRST",3,"low"
"P14","jar1","APP","Step 0A",00:00:38,00:02:03,85,"APP_FIRST",NA,NA
"P14","jar1","APP","Step 1",00:02:03,00:02:06,3,"APP_FIRST",2,"low"
"P14","jar1","APP","Step 2",00:02:06,00:02:36,30,"APP_FIRST",5,"medium"
"P14","jar1","APP","Step 3",00:02:36,00:02:40,4,"APP_FIRST",2,"low"
"P14","jar1","APP","Step 4",00:02:40,00:02:53,13,"APP_FIRST",5,"medium"
"P14","jar1","APP","Step 5",00:02:53,00:03:04,11,"APP_FIRST",5,"medium"
"P14","jar1","APP","Step 6",00:03:04,00:03:11,7,"APP_FIRST",2,"low"
"P14","jar1","APP","Step 7",00:03:11,00:03:18,7,"APP_FIRST",3,"low"
"P14","jar1","APP","Step 8",00:03:18,00:03:23,5,"APP_FIRST",2,"low"
"P14","jar1","APP","Step 9",00:03:23,00:03:37,14,"APP_FIRST",4,"low"
"P14","jar1","APP","Step 10",00:03:37,00:03:46,9,"APP_FIRST",5,"medium"
"P14","jar1","APP","Step 11",00:03:46,00:04:01,15,"APP_FIRST",3,"low"
"P14","jar1","APP","Step 12",00:04:01,00:04:06,5,"APP_FIRST",2,"low"
"P14","jar1","APP","Step 13",00:04:06,00:04:29,23,"APP_FIRST",3,"low"
"P14","jar1","APP","Step 12",00:04:29,00:04:30,1,"APP_FIRST",2,"low"
"P14","jar1","APP","Step 11",00:04:30,00:04:31,1,"APP_FIRST",3,"low"
"P14","jar1","APP","Step 12",00:04:31,00:04:33,2,"APP_FIRST",2,"low"
"P14","jar1","APP","Step 11",00:04:33,00:04:34,1,"APP_FIRST",3,"low"
"P14","jar1","APP","Step 12",00:04:34,00:04:36,2,"APP_FIRST",2,"low"
"P14","jar1","APP","Step 13",00:04:36,00:04:41,5,"APP_FIRST",3,"low"
"P14","jar1","APP","Step 14",00:04:41,00:05:05,24,"APP_FIRST",5,"medium"
"P14","jar1","APP","Step 13",00:05:05,00:05:06,1,"APP_FIRST",3,"low"
"P14","jar1","APP","Step 14",00:05:06,00:05:13,7,"APP_FIRST",5,"medium"
"P14","jar1","APP","Step 15",00:05:13,00:05:58,45,"APP_FIRST",7,"medium"
"P14","jar1","APP","Step 16",00:05:58,00:06:02,4,"APP_FIRST",2,"low"
"P14","jar1","APP","Step 18",00:06:21,00:06:41,20,"APP_FIRST",5,"medium"
"P14","jar1","APP","Step 19",00:06:41,00:06:49,8,"APP_FIRST",6,"medium"
"P14","jar1","APP","Step 20",00:06:49,00:06:55,6,"APP_FIRST",2,"low"
"P14","jar1","APP","Step 19",00:06:55,00:06:58,3,"APP_FIRST",6,"medium"
"P14","jar1","APP","Step 18",00:06:58,00:07:02,4,"APP_FIRST",5,"medium"
"P14","jar1","APP","Step 17",00:07:02,00:07:02,0,"APP_FIRST",6,"medium"
"P14","jar1","APP","Step 16",00:07:02,00:07:04,2,"APP_FIRST",2,"low"
"P14","jar1","APP","Step 15",00:07:04,00:07:08,4,"APP_FIRST",7,"medium"
"P14","jar1","APP","Step 14",00:07:08,00:07:09,1,"APP_FIRST",5,"medium"
"P14","jar1","APP","Step 13",00:07:09,00:07:09,0,"APP_FIRST",3,"low"
"P14","jar1","APP","Step 12",00:07:09,00:07:09,0,"APP_FIRST",2,"low"
"P14","jar1","APP","Step 11",00:07:09,00:07:10,1,"APP_FIRST",3,"low"
"P14","jar1","APP","Step 10",00:07:10,00:07:10,0,"APP_FIRST",5,"medium"
"P14","jar1","APP","Step 9",00:07:10,00:07:10,0,"APP_FIRST",4,"low"
"P14","jar1","APP","Step 8",00:07:10,00:07:11,1,"APP_FIRST",2,"low"
"P14","jar1","APP","Step 7",00:07:11,00:07:11,0,"APP_FIRST",3,"low"
"P14","jar1","APP","Step 6",00:07:11,00:07:14,3,"APP_FIRST",2,"low"
"P14","jar1","APP","Step 7",00:07:14,00:07:16,2,"APP_FIRST",3,"low"
"P14","jar1","APP","Step 8",00:07:16,00:07:30,14,"APP_FIRST",2,"low"
"P14","jar1","APP","Step 21",00:07:38,00:07:52,14,"APP_FIRST",6,"medium"
"P14","jar1","APP","Step 22",00:07:52,00:08:37,45,"APP_FIRST",16,"high"
"P14","jar1","APP","Step 23",00:08:37,00:08:54,17,"APP_FIRST",6,"medium"
"P14","jar1","APP","Step 23",00:09:13,00:09:34,21,"APP_FIRST",6,"medium"
"P14","jar1","APP","Step 23",00:09:35,00:10:00,25,"APP_FIRST",6,"medium"
"P14","jar1","APP","Step 24",00:10:00,00:10:11,11,"APP_FIRST",3,"low"
"P14","jar1","APP","Step 24",00:10:12,00:10:26,14,"APP_FIRST",3,"low"
"P14","jar1","APP","Step 25",00:10:26,00:10:43,17,"APP_FIRST",3,"low"
"P14","jar1","APP","Step 26",00:10:43,00:10:58,15,"APP_FIRST",3,"low"
"P14","jar1","APP","Step 26",00:10:59,00:11:04,5,"APP_FIRST",3,"low"
"P14","jar1","APP","Step 27",00:11:04,00:11:43,39,"APP_FIRST",9,"high"
"P14","jar1","APP","Step 28",00:11:43,00:12:12,29,"APP_FIRST",6,"medium"
"P14","jar1","APP","Step 29",00:12:12,00:12:22,10,"APP_FIRST",4,"low"
"P14","jar2","BOOKLET","Step 0B",00:00:16,00:01:37,81,"APP_FIRST",NA,NA
"P14","jar2","BOOKLET","Step 30",00:01:37,00:01:55,18,"APP_FIRST",8,"medium"
"P14","jar2","BOOKLET","Step 31",00:01:55,00:02:18,23,"APP_FIRST",6,"medium"
"P14","jar2","BOOKLET","Step 33",00:02:19,00:02:28,9,"APP_FIRST",10,"high"
"P14","jar2","BOOKLET","Step 31",00:02:28,00:02:36,8,"APP_FIRST",6,"medium"
"P14","jar2","BOOKLET","Step 33",00:02:36,00:02:47,11,"APP_FIRST",10,"high"
"P14","jar2","BOOKLET","Step 31",00:02:47,00:02:53,6,"APP_FIRST",6,"medium"
"P14","jar2","BOOKLET","Step 32",00:02:54,00:03:02,8,"APP_FIRST",2,"low"
"P14","jar2","BOOKLET","Step 33",00:03:02,00:03:30,28,"APP_FIRST",10,"high"
"P14","jar2","BOOKLET","Step 34",00:03:31,00:03:59,28,"APP_FIRST",8,"medium"
"P14","jar2","BOOKLET","Step 35",00:03:59,00:04:12,13,"APP_FIRST",7,"medium"
"P14","jar2","BOOKLET","Step 36",00:04:13,00:04:15,2,"APP_FIRST",4,"low"
"P14","jar2","BOOKLET","Step 35",00:04:15,00:04:24,9,"APP_FIRST",7,"medium"
"P14","jar2","BOOKLET","Step 36",00:04:25,00:04:34,9,"APP_FIRST",4,"low"
"P14","jar2","BOOKLET","Step 37",00:04:34,00:04:40,6,"APP_FIRST",3,"low"
"P14","jar2","BOOKLET","Step 38",00:04:40,00:04:48,8,"APP_FIRST",2,"low"
"P14","jar2","BOOKLET","Step 39",00:04:48,00:04:55,7,"APP_FIRST",5,"medium"
"P14","jar2","BOOKLET","Step 40",00:04:56,00:05:02,6,"APP_FIRST",3,"low"
"P14","jar2","BOOKLET","Step 41",00:05:02,00:06:16,74,"APP_FIRST",12,"high"
"P14","jar2","BOOKLET","Step 42",00:06:17,00:06:25,8,"APP_FIRST",2,"low"
"P14","jar2","BOOKLET","Step 43",00:06:25,00:06:29,4,"APP_FIRST",2,"low"
"P14","jar2","BOOKLET","Step 44",00:06:29,00:06:34,5,"APP_FIRST",3,"low"
"P14","jar2","BOOKLET","Step 45",00:06:35,00:06:38,3,"APP_FIRST",10,"high"
"P14","jar2","BOOKLET","Step 45",00:06:41,00:07:08,27,"APP_FIRST",10,"high"
"P14","jar2","BOOKLET","Step 46",00:07:08,00:07:38,30,"APP_FIRST",5,"medium"
"P14","jar2","BOOKLET","Step 47",00:07:39,00:07:47,8,"APP_FIRST",3,"low"
"P14","jar2","BOOKLET","Step 48",00:07:47,00:08:14,27,"APP_FIRST",5,"medium"
"P14","jar2","BOOKLET","Step 40",00:08:22,00:08:27,5,"APP_FIRST",3,"low"
"P14","jar2","BOOKLET","Step 48",00:08:27,00:08:37,10,"APP_FIRST",5,"medium"
"P14","jar2","BOOKLET","Step 49",00:08:37,00:09:22,45,"APP_FIRST",6,"medium"
"P14","jar2","BOOKLET","Step 50",00:09:22,00:10:01,39,"APP_FIRST",4,"low"
"P14","jar2","BOOKLET","Step 51",00:10:03,00:10:05,2,"APP_FIRST",8,"medium"
"P14","jar2","BOOKLET","Step 52",00:10:05,00:10:07,2,"APP_FIRST",4,"low"
"P14","jar2","BOOKLET","Step 53",00:10:07,00:10:18,11,"APP_FIRST",5,"medium"
"P14","jar2","BOOKLET","Step 54",00:10:18,00:10:33,15,"APP_FIRST",4,"low"
"P14","jar2","BOOKLET","Step 55",00:10:34,00:10:45,11,"APP_FIRST",3,"low"
"P14","jar2","BOOKLET","Step 56",00:10:45,00:11:16,31,"APP_FIRST",6,"medium"
"P14","jar2","BOOKLET","Step 58",00:11:16,00:11:21,5,"APP_FIRST",3,"low"
"P14","jar2","BOOKLET","Step 57",00:11:21,00:11:34,13,"APP_FIRST",3,"low"
"P14","jar2","BOOKLET","Step 58",00:11:35,00:11:49,14,"APP_FIRST",3,"low"
"P15","jar1","BOOKLET","Step 0B",00:00:36,00:00:55,19,"BOOK_FIRST",NA,NA
"P15","jar1","BOOKLET","Step 1",00:00:55,00:00:59,4,"BOOK_FIRST",2,"low"
"P15","jar1","BOOKLET","Step 2",00:00:59,00:01:18,19,"BOOK_FIRST",5,"medium"
"P15","jar1","BOOKLET","Step 3",00:01:18,00:01:25,7,"BOOK_FIRST",2,"low"
"P15","jar1","BOOKLET","Step 4",00:01:25,00:02:10,45,"BOOK_FIRST",5,"medium"
"P15","jar1","BOOKLET","Step 5",00:02:11,00:02:13,2,"BOOK_FIRST",5,"medium"
"P15","jar1","BOOKLET","Step 5",00:02:23,00:02:39,16,"BOOK_FIRST",5,"medium"
"P15","jar1","BOOKLET","Step 6",00:02:40,00:02:46,6,"BOOK_FIRST",2,"low"
"P15","jar1","BOOKLET","Step 7",00:02:46,00:02:57,11,"BOOK_FIRST",3,"low"
"P15","jar1","BOOKLET","Step 8",00:02:57,00:03:00,3,"BOOK_FIRST",2,"low"
"P15","jar1","BOOKLET","Step 9",00:03:02,00:03:09,7,"BOOK_FIRST",4,"low"
"P15","jar1","BOOKLET","Step 9",00:03:18,00:03:30,12,"BOOK_FIRST",4,"low"
"P15","jar1","BOOKLET","Step 10",00:03:30,00:03:48,18,"BOOK_FIRST",5,"medium"
"P15","jar1","BOOKLET","Step 11",00:03:48,00:03:58,10,"BOOK_FIRST",3,"low"
"P15","jar1","BOOKLET","Step 12",00:03:58,00:04:04,6,"BOOK_FIRST",2,"low"
"P15","jar1","BOOKLET","Step 13",00:04:04,00:04:10,6,"BOOK_FIRST",3,"low"
"P15","jar1","BOOKLET","Step 14",00:04:10,00:04:46,36,"BOOK_FIRST",5,"medium"
"P15","jar1","BOOKLET","Step 15",00:04:46,00:05:12,26,"BOOK_FIRST",7,"medium"
"P15","jar1","BOOKLET","Step 16",00:05:15,00:05:20,5,"BOOK_FIRST",2,"low"
"P15","jar1","BOOKLET","Step 17",00:05:20,00:05:28,8,"BOOK_FIRST",6,"medium"
"P15","jar1","BOOKLET","Step 18",00:05:28,00:05:41,13,"BOOK_FIRST",5,"medium"
"P15","jar1","BOOKLET","Step 19",00:05:44,00:05:52,8,"BOOK_FIRST",6,"medium"
"P15","jar1","BOOKLET","Step 20",00:05:52,00:05:58,6,"BOOK_FIRST",2,"low"
"P15","jar1","BOOKLET","Step 21",00:05:58,00:06:17,19,"BOOK_FIRST",6,"medium"
"P15","jar1","BOOKLET","Step 22",00:06:18,00:06:24,6,"BOOK_FIRST",16,"high"
"P15","jar1","BOOKLET","Step 22",00:06:36,00:07:24,48,"BOOK_FIRST",16,"high"
"P15","jar1","BOOKLET","Step 23",00:07:24,00:07:50,26,"BOOK_FIRST",6,"medium"
"P15","jar1","BOOKLET","Step 24",00:07:52,00:08:19,27,"BOOK_FIRST",3,"low"
"P15","jar1","BOOKLET","Step 25",00:08:19,00:08:38,19,"BOOK_FIRST",3,"low"
"P15","jar1","BOOKLET","Step 26",00:08:38,00:08:55,17,"BOOK_FIRST",3,"low"
"P15","jar1","BOOKLET","Step 27",00:08:56,00:09:23,27,"BOOK_FIRST",9,"high"
"P15","jar1","BOOKLET","Step 28",00:09:24,00:09:30,6,"BOOK_FIRST",6,"medium"
"P15","jar1","BOOKLET","Step 28",00:09:45,00:10:01,16,"BOOK_FIRST",6,"medium"
"P15","jar1","BOOKLET","Step 29",00:10:03,00:10:21,18,"BOOK_FIRST",4,"low"
"P15","jar2","APP","Step 0A",00:00:16,00:01:20,64,"BOOK_FIRST",NA,NA
"P15","jar2","APP","Step 30",00:01:20,00:02:22,62,"BOOK_FIRST",8,"medium"
"P15","jar2","APP","Step 31",00:02:22,00:02:41,19,"BOOK_FIRST",6,"medium"
"P15","jar2","APP","Step 32",00:02:41,00:02:51,10,"BOOK_FIRST",2,"low"
"P15","jar2","APP","Step 33",00:02:51,00:03:24,33,"BOOK_FIRST",10,"high"
"P15","jar2","APP","Step 34",00:03:24,00:03:57,33,"BOOK_FIRST",8,"medium"
"P15","jar2","APP","Step 35",00:03:57,00:04:38,41,"BOOK_FIRST",7,"medium"
"P15","jar2","APP","Step 36",00:04:38,00:04:43,5,"BOOK_FIRST",4,"low"
"P15","jar2","APP","Step 37",00:04:43,00:04:52,9,"BOOK_FIRST",3,"low"
"P15","jar2","APP","Step 38",00:04:52,00:04:57,5,"BOOK_FIRST",2,"low"
"P15","jar2","APP","Step 39",00:04:57,00:05:08,11,"BOOK_FIRST",5,"medium"
"P15","jar2","APP","Step 40",00:05:08,00:05:31,23,"BOOK_FIRST",3,"low"
"P15","jar2","APP","Step 41",00:05:31,00:06:04,33,"BOOK_FIRST",12,"high"
"P15","jar2","APP","Step 42",00:06:04,00:06:08,4,"BOOK_FIRST",2,"low"
"P15","jar2","APP","Step 43",00:06:08,00:06:17,9,"BOOK_FIRST",2,"low"
"P15","jar2","APP","Step 44",00:06:17,00:06:29,12,"BOOK_FIRST",3,"low"
"P15","jar2","APP","Step 45",00:06:29,00:06:54,25,"BOOK_FIRST",10,"high"
"P15","jar2","APP","Step 45",00:07:22,00:07:41,19,"BOOK_FIRST",10,"high"
"P15","jar2","APP","Step 46",00:07:41,00:08:23,42,"BOOK_FIRST",5,"medium"
"P15","jar2","APP","Step 47",00:08:23,00:08:33,10,"BOOK_FIRST",3,"low"
"P15","jar2","APP","Step 48",00:08:33,00:08:47,14,"BOOK_FIRST",5,"medium"
"P15","jar2","APP","Step 49",00:08:47,00:09:05,18,"BOOK_FIRST",6,"medium"
"P15","jar2","APP","Step 50",00:09:28,00:09:44,16,"BOOK_FIRST",4,"low"
"P15","jar2","APP","Step 50",00:10:37,00:10:51,14,"BOOK_FIRST",4,"low"
"P15","jar2","APP","Step 51",00:10:51,00:11:09,18,"BOOK_FIRST",8,"medium"
"P15","jar2","APP","Step 52",00:11:09,00:11:29,20,"BOOK_FIRST",4,"low"
"P15","jar2","APP","Step 53",00:11:29,00:11:50,21,"BOOK_FIRST",5,"medium"
"P15","jar2","APP","Step 54",00:11:50,00:12:02,12,"BOOK_FIRST",4,"low"
"P15","jar2","APP","Step 55",00:12:02,00:12:23,21,"BOOK_FIRST",3,"low"
"P15","jar2","APP","Step 56",00:12:23,00:12:39,16,"BOOK_FIRST",6,"medium"
"P15","jar2","APP","Step 57",00:12:39,00:12:58,19,"BOOK_FIRST",3,"low"
"P15","jar2","APP","Step 58",00:12:58,00:13:07,9,"BOOK_FIRST",3,"low"
"P16","jar1","APP","Step 0A",00:00:26,00:00:36,10,"APP_FIRST",NA,NA
"P16","jar1","APP","Step 1",00:00:36,00:00:38,2,"APP_FIRST",2,"low"
"P16","jar1","APP","Step 2",00:00:38,00:01:04,26,"APP_FIRST",5,"medium"
"P16","jar1","APP","Step 3",00:01:04,00:01:10,6,"APP_FIRST",2,"low"
"P16","jar1","APP","Step 4",00:01:10,00:01:25,15,"APP_FIRST",5,"medium"
"P16","jar1","APP","Step 5",00:01:25,00:01:45,20,"APP_FIRST",5,"medium"
"P16","jar1","APP","Step 6",00:01:45,00:01:49,4,"APP_FIRST",2,"low"
"P16","jar1","APP","Step 7",00:01:49,00:01:58,9,"APP_FIRST",3,"low"
"P16","jar1","APP","Step 8",00:01:58,00:02:03,5,"APP_FIRST",2,"low"
"P16","jar1","APP","Step 9",00:02:03,00:02:21,18,"APP_FIRST",4,"low"
"P16","jar1","APP","Step 10",00:02:21,00:02:27,6,"APP_FIRST",5,"medium"
"P16","jar1","APP","Step 11",00:02:27,00:02:38,11,"APP_FIRST",3,"low"
"P16","jar1","APP","Step 12",00:02:38,00:02:41,3,"APP_FIRST",2,"low"
"P16","jar1","APP","Step 13",00:02:41,00:02:49,8,"APP_FIRST",3,"low"
"P16","jar1","APP","Step 14",00:02:49,00:03:03,14,"APP_FIRST",5,"medium"
"P16","jar1","APP","Step 15",00:03:03,00:03:50,47,"APP_FIRST",7,"medium"
"P16","jar1","APP","Step 16",00:03:50,00:03:55,5,"APP_FIRST",2,"low"
"P16","jar1","APP","Step 17",00:03:55,00:04:00,5,"APP_FIRST",6,"medium"
"P16","jar1","APP","Step 18",00:04:00,00:04:16,16,"APP_FIRST",5,"medium"
"P16","jar1","APP","Step 19",00:04:16,00:04:21,5,"APP_FIRST",6,"medium"
"P16","jar1","APP","Step 20",00:04:21,00:04:23,2,"APP_FIRST",2,"low"
"P16","jar1","APP","Step 21",00:04:23,00:04:35,12,"APP_FIRST",6,"medium"
"P16","jar1","APP","Step 22",00:04:35,00:05:27,52,"APP_FIRST",16,"high"
"P16","jar1","APP","Step 23",00:05:27,00:05:48,21,"APP_FIRST",6,"medium"
"P16","jar1","APP","Step 24",00:05:48,00:06:07,19,"APP_FIRST",3,"low"
"P16","jar1","APP","Step 25",00:06:07,00:06:19,12,"APP_FIRST",3,"low"
"P16","jar1","APP","Step 26",00:06:19,00:06:30,11,"APP_FIRST",3,"low"
"P16","jar1","APP","Step 27",00:06:30,00:06:48,18,"APP_FIRST",9,"high"
"P16","jar1","APP","Step 26",00:06:48,00:06:51,3,"APP_FIRST",3,"low"
"P16","jar1","APP","Step 27",00:07:08,00:07:11,3,"APP_FIRST",9,"high"
"P16","jar1","APP","Step 27",00:07:13,00:07:34,21,"APP_FIRST",9,"high"
"P16","jar1","APP","Step 28",00:07:34,00:08:06,32,"APP_FIRST",6,"medium"
"P16","jar1","APP","Step 27",00:08:06,00:08:14,8,"APP_FIRST",9,"high"
"P16","jar1","APP","Step 25",00:08:14,00:08:21,7,"APP_FIRST",3,"low"
"P16","jar1","APP","Step 27",00:08:23,00:08:43,20,"APP_FIRST",9,"high"
"P16","jar1","APP","Step 29",00:08:45,00:08:59,14,"APP_FIRST",4,"low"
"P16","jar2","BOOKLET","Step 0B",00:01:22,00:01:30,8,"APP_FIRST",NA,NA
"P16","jar2","BOOKLET","Step 30",00:01:31,00:02:01,30,"APP_FIRST",8,"medium"
"P16","jar2","BOOKLET","Step 31",00:02:01,00:02:46,45,"APP_FIRST",6,"medium"
"P16","jar2","BOOKLET","Step 32",00:02:47,00:03:00,13,"APP_FIRST",2,"low"
"P16","jar2","BOOKLET","Step 33",00:03:00,00:03:27,27,"APP_FIRST",10,"high"
"P16","jar2","BOOKLET","Step 34",00:03:28,00:03:46,18,"APP_FIRST",8,"medium"
"P16","jar2","BOOKLET","Step 35",00:03:46,00:04:06,20,"APP_FIRST",7,"medium"
"P16","jar2","BOOKLET","Step 36",00:04:07,00:04:13,6,"APP_FIRST",4,"low"
"P16","jar2","BOOKLET","Step 37",00:04:13,00:04:16,3,"APP_FIRST",3,"low"
"P16","jar2","BOOKLET","Step 38",00:04:16,00:04:23,7,"APP_FIRST",2,"low"
"P16","jar2","BOOKLET","Step 39",00:04:23,00:04:27,4,"APP_FIRST",5,"medium"
"P16","jar2","BOOKLET","Step 40",00:04:27,00:04:47,20,"APP_FIRST",3,"low"
"P16","jar2","BOOKLET","Step 41",00:04:47,00:05:20,33,"APP_FIRST",12,"high"
"P16","jar2","BOOKLET","Step 42",00:05:24,00:05:29,5,"APP_FIRST",2,"low"
"P16","jar2","BOOKLET","Step 43",00:05:29,00:05:34,5,"APP_FIRST",2,"low"
"P16","jar2","BOOKLET","Step 44",00:05:34,00:05:42,8,"APP_FIRST",3,"low"
"P16","jar2","BOOKLET","Step 45",00:05:43,00:06:18,35,"APP_FIRST",10,"high"
"P16","jar2","BOOKLET","Step 46",00:06:18,00:06:43,25,"APP_FIRST",5,"medium"
"P16","jar2","BOOKLET","Step 47",00:06:44,00:06:55,11,"APP_FIRST",3,"low"
"P16","jar2","BOOKLET","Step 48",00:06:55,00:07:37,42,"APP_FIRST",5,"medium"
"P16","jar2","BOOKLET","Step 49",00:07:37,00:08:16,39,"APP_FIRST",6,"medium"
"P16","jar2","BOOKLET","Step 50",00:08:16,00:08:32,16,"APP_FIRST",4,"low"
"P16","jar2","BOOKLET","Step 51",00:08:33,00:08:56,23,"APP_FIRST",8,"medium"
"P16","jar2","BOOKLET","Step 52",00:08:56,00:09:08,12,"APP_FIRST",4,"low"
"P16","jar2","BOOKLET","Step 53",00:09:08,00:09:24,16,"APP_FIRST",5,"medium"
"P16","jar2","BOOKLET","Step 54",00:09:24,00:10:11,47,"APP_FIRST",4,"low"
"P16","jar2","BOOKLET","Step 55",00:10:12,00:10:19,7,"APP_FIRST",3,"low"
"P16","jar2","BOOKLET","Step 56",00:10:19,00:10:31,12,"APP_FIRST",6,"medium"
"P16","jar2","BOOKLET","Step 57",00:10:31,00:10:47,16,"APP_FIRST",3,"low"
"P16","jar2","BOOKLET","Step 58",00:10:48,00:10:54,6,"APP_FIRST",3,"low"
"P17","jar1","APP","Step 0A",00:00:27,00:00:37,10,"APP_FIRST",NA,NA
"P17","jar1","APP","Step 1",00:00:37,00:00:45,8,"APP_FIRST",2,"low"
"P17","jar1","APP","Step 2",00:00:45,00:01:34,49,"APP_FIRST",5,"medium"
"P17","jar1","APP","Step 3",00:01:34,00:02:26,52,"APP_FIRST",2,"low"
"P17","jar1","APP","Step 4",00:02:26,00:02:55,29,"APP_FIRST",5,"medium"
"P17","jar1","APP","Step 5",00:02:55,00:03:32,37,"APP_FIRST",5,"medium"
"P17","jar1","APP","Step 6",00:03:32,00:03:52,20,"APP_FIRST",2,"low"
"P17","jar1","APP","Step 7",00:03:52,00:04:16,24,"APP_FIRST",3,"low"
"P17","jar1","APP","Step 8",00:04:16,00:04:33,17,"APP_FIRST",2,"low"
"P17","jar1","APP","Step 9",00:04:33,00:05:12,39,"APP_FIRST",4,"low"
"P17","jar1","APP","Step 10",00:05:12,00:05:40,28,"APP_FIRST",5,"medium"
"P17","jar1","APP","Step 11",00:05:40,00:06:08,28,"APP_FIRST",3,"low"
"P17","jar1","APP","Step 12",00:06:08,00:06:23,15,"APP_FIRST",2,"low"
"P17","jar1","APP","Step 13",00:06:23,00:07:08,45,"APP_FIRST",3,"low"
"P17","jar1","APP","Step 14",00:07:08,00:07:57,49,"APP_FIRST",5,"medium"
"P17","jar1","APP","Step 15",00:07:57,00:09:38,101,"APP_FIRST",7,"medium"
"P17","jar1","APP","Step 16",00:09:38,00:09:47,9,"APP_FIRST",2,"low"
"P17","jar1","APP","Step 17",00:09:47,00:10:14,27,"APP_FIRST",6,"medium"
"P17","jar1","APP","Step 18",00:10:14,00:10:51,37,"APP_FIRST",5,"medium"
"P17","jar1","APP","Step 19",00:10:51,00:11:20,29,"APP_FIRST",6,"medium"
"P17","jar1","APP","Step 20",00:11:20,00:11:29,9,"APP_FIRST",2,"low"
"P17","jar1","APP","Step 21",00:11:29,00:12:23,54,"APP_FIRST",6,"medium"
"P17","jar1","APP","Step 22",00:12:23,00:14:13,110,"APP_FIRST",16,"high"
"P17","jar1","APP","Step 23",00:14:13,00:15:38,85,"APP_FIRST",6,"medium"
"P17","jar1","APP","Step 24",00:15:38,00:16:07,29,"APP_FIRST",3,"low"
"P17","jar1","APP","Step 25",00:16:07,00:16:35,28,"APP_FIRST",3,"low"
"P17","jar1","APP","Step 26",00:16:35,00:17:06,31,"APP_FIRST",3,"low"
"P17","jar1","APP","Step 27",00:17:06,00:19:18,132,"APP_FIRST",9,"high"
"P17","jar1","APP","Step 28",00:19:18,00:19:49,31,"APP_FIRST",6,"medium"
"P17","jar1","APP","Step 27",00:19:49,00:20:22,33,"APP_FIRST",9,"high"
"P17","jar1","APP","Step 28",00:20:22,00:21:38,76,"APP_FIRST",6,"medium"
"P17","jar1","APP","Step 29",00:21:38,00:21:54,16,"APP_FIRST",4,"low"
"P17","jar2","BOOKLET","Step 0B",00:00:16,00:00:32,16,"APP_FIRST",NA,NA
"P17","jar2","BOOKLET","Step 30",00:00:32,00:01:39,67,"APP_FIRST",8,"medium"
"P17","jar2","BOOKLET","Step 31",00:01:39,00:03:28,109,"APP_FIRST",6,"medium"
"P17","jar2","BOOKLET","Step 32",00:03:31,00:04:26,55,"APP_FIRST",2,"low"
"P17","jar2","BOOKLET","Step 33",00:04:26,00:05:56,90,"APP_FIRST",10,"high"
"P17","jar2","BOOKLET","Step 34",00:05:57,00:06:43,46,"APP_FIRST",8,"medium"
"P17","jar2","BOOKLET","Step 35",00:06:43,00:11:03,260,"APP_FIRST",7,"medium"
"P17","jar2","BOOKLET","Step 36",00:11:04,00:11:10,6,"APP_FIRST",4,"low"
"P17","jar2","BOOKLET","Step 35",00:11:11,00:11:13,2,"APP_FIRST",7,"medium"
"P17","jar2","BOOKLET","Step 36",00:11:14,00:11:28,14,"APP_FIRST",4,"low"
"P17","jar2","BOOKLET","Step 37",00:11:28,00:11:51,23,"APP_FIRST",3,"low"
"P17","jar2","BOOKLET","Step 38",00:11:51,00:12:18,27,"APP_FIRST",2,"low"
"P17","jar2","BOOKLET","Step 39",00:12:18,00:13:02,44,"APP_FIRST",5,"medium"
"P17","jar2","BOOKLET","Step 40",00:13:03,00:13:40,37,"APP_FIRST",3,"low"
"P17","jar2","BOOKLET","Step 41",00:13:40,00:16:32,172,"APP_FIRST",12,"high"
"P17","jar2","BOOKLET","Step 42",00:16:34,00:16:47,13,"APP_FIRST",2,"low"
"P17","jar2","BOOKLET","Step 43",00:16:47,00:16:56,9,"APP_FIRST",2,"low"
"P17","jar2","BOOKLET","Step 44",00:16:56,00:17:14,18,"APP_FIRST",3,"low"
"P17","jar2","BOOKLET","Step 45",00:17:15,00:18:44,89,"APP_FIRST",10,"high"
"P17","jar2","BOOKLET","Step 46",00:18:44,00:20:02,78,"APP_FIRST",5,"medium"
"P17","jar2","BOOKLET","Step 47",00:20:04,00:20:32,28,"APP_FIRST",3,"low"
"P17","jar2","BOOKLET","Step 48",00:20:32,00:21:02,30,"APP_FIRST",5,"medium"
"P17","jar2","BOOKLET","Step 49",00:21:02,00:22:01,59,"APP_FIRST",6,"medium"
"P17","jar2","BOOKLET","Step 50",00:22:01,00:23:07,66,"APP_FIRST",4,"low"
"P17","jar2","BOOKLET","Step 51",00:23:11,00:23:37,26,"APP_FIRST",8,"medium"
"P17","jar2","BOOKLET","Step 52",00:23:37,00:23:49,12,"APP_FIRST",4,"low"
"P17","jar2","BOOKLET","Step 53",00:23:49,00:24:16,27,"APP_FIRST",5,"medium"
"P17","jar2","BOOKLET","Step 54",00:24:16,00:25:00,44,"APP_FIRST",4,"low"
"P17","jar2","BOOKLET","Step 55",00:25:02,00:25:19,17,"APP_FIRST",3,"low"
"P17","jar2","BOOKLET","Step 56",00:25:19,00:25:56,37,"APP_FIRST",6,"medium"
"P17","jar2","BOOKLET","Step 57",00:25:56,00:26:31,35,"APP_FIRST",3,"low"
"P17","jar2","BOOKLET","Step 58",00:26:32,00:27:04,32,"APP_FIRST",3,"low"
"P17","jar2","BOOKLET","Step 35",00:28:07,00:28:24,17,"APP_FIRST",7,"medium"
"P17","jar2","BOOKLET","Step 50",00:28:39,00:29:00,21,"APP_FIRST",4,"low"
